[{ "traffic_xy_id" : 0, "className" : "trafficThroughput", "start":"2017-10-24T20:51:31", "y" : 2 },
{ "traffic_xy_id" : 1, "className" : "trafficThroughput", "start":"2017-10-24T20:51:39", "y" : 1 },
{ "traffic_xy_id" : 2, "className" : "trafficThroughput", "start":"2017-10-24T20:51:46", "y" : 1 },
{ "traffic_xy_id" : 3, "className" : "trafficThroughput", "start":"2017-10-24T20:52:05", "y" : 1 },
{ "traffic_xy_id" : 4, "className" : "trafficThroughput", "start":"2017-10-24T20:52:09", "y" : 3 },
{ "traffic_xy_id" : 5, "className" : "trafficThroughput", "start":"2017-10-24T20:52:10", "y" : 3 },
{ "traffic_xy_id" : 6, "className" : "trafficThroughput", "start":"2017-10-24T20:52:12", "y" : 1 },
{ "traffic_xy_id" : 7, "className" : "trafficThroughput", "start":"2017-10-24T20:52:13", "y" : 1 },
{ "traffic_xy_id" : 8, "className" : "trafficThroughput", "start":"2017-10-24T20:52:15", "y" : 3 },
{ "traffic_xy_id" : 9, "className" : "trafficThroughput", "start":"2017-10-24T20:52:17", "y" : 1 },
{ "traffic_xy_id" : 10, "className" : "trafficThroughput", "start":"2017-10-24T20:52:18", "y" : 2 },
{ "traffic_xy_id" : 11, "className" : "trafficThroughput", "start":"2017-10-24T20:52:34", "y" : 1 },
{ "traffic_xy_id" : 12, "className" : "trafficThroughput", "start":"2017-10-24T20:53:01", "y" : 1 },
{ "traffic_xy_id" : 13, "className" : "trafficThroughput", "start":"2017-10-24T20:53:22", "y" : 1 },
{ "traffic_xy_id" : 14, "className" : "trafficThroughput", "start":"2017-10-24T20:53:38", "y" : 1 },
{ "traffic_xy_id" : 15, "className" : "trafficThroughput", "start":"2017-10-24T20:54:14", "y" : 1 },
{ "traffic_xy_id" : 16, "className" : "trafficThroughput", "start":"2017-10-24T20:54:39", "y" : 1 },
{ "traffic_xy_id" : 17, "className" : "trafficThroughput", "start":"2017-10-24T20:55:01", "y" : 1 },
{ "traffic_xy_id" : 18, "className" : "trafficThroughput", "start":"2017-10-24T20:55:03", "y" : 7 },
{ "traffic_xy_id" : 19, "className" : "trafficThroughput", "start":"2017-10-24T20:55:04", "y" : 1 },
{ "traffic_xy_id" : 20, "className" : "trafficThroughput", "start":"2017-10-24T20:55:06", "y" : 2 },
{ "traffic_xy_id" : 21, "className" : "trafficThroughput", "start":"2017-10-24T20:55:09", "y" : 2 },
{ "traffic_xy_id" : 22, "className" : "trafficThroughput", "start":"2017-10-24T20:55:15", "y" : 2 },
{ "traffic_xy_id" : 23, "className" : "trafficThroughput", "start":"2017-10-24T20:55:16", "y" : 1 },
{ "traffic_xy_id" : 24, "className" : "trafficThroughput", "start":"2017-10-24T20:55:18", "y" : 1 },
{ "traffic_xy_id" : 25, "className" : "trafficThroughput", "start":"2017-10-24T20:55:23", "y" : 1 },
{ "traffic_xy_id" : 26, "className" : "trafficThroughput", "start":"2017-10-24T20:55:29", "y" : 1 },
{ "traffic_xy_id" : 27, "className" : "trafficThroughput", "start":"2017-10-24T20:55:31", "y" : 1 },
{ "traffic_xy_id" : 28, "className" : "trafficThroughput", "start":"2017-10-24T20:55:34", "y" : 3 },
{ "traffic_xy_id" : 29, "className" : "trafficThroughput", "start":"2017-10-24T20:55:42", "y" : 1 },
{ "traffic_xy_id" : 30, "className" : "trafficThroughput", "start":"2017-10-24T20:55:46", "y" : 1 },
{ "traffic_xy_id" : 31, "className" : "trafficThroughput", "start":"2017-10-24T20:55:55", "y" : 2 },
{ "traffic_xy_id" : 32, "className" : "trafficThroughput", "start":"2017-10-24T20:56:00", "y" : 5 },
{ "traffic_xy_id" : 33, "className" : "trafficThroughput", "start":"2017-10-24T20:56:09", "y" : 38 },
{ "traffic_xy_id" : 34, "className" : "trafficThroughput", "start":"2017-10-24T20:56:11", "y" : 2 },
{ "traffic_xy_id" : 35, "className" : "trafficThroughput", "start":"2017-10-24T20:56:12", "y" : 83 },
{ "traffic_xy_id" : 36, "className" : "trafficThroughput", "start":"2017-10-24T20:56:14", "y" : 2 },
{ "traffic_xy_id" : 37, "className" : "trafficThroughput", "start":"2017-10-24T20:56:15", "y" : 84 },
{ "traffic_xy_id" : 38, "className" : "trafficThroughput", "start":"2017-10-24T20:56:17", "y" : 2 },
{ "traffic_xy_id" : 39, "className" : "trafficThroughput", "start":"2017-10-24T20:56:18", "y" : 84 },
{ "traffic_xy_id" : 40, "className" : "trafficThroughput", "start":"2017-10-24T20:56:20", "y" : 2 },
{ "traffic_xy_id" : 41, "className" : "trafficThroughput", "start":"2017-10-24T20:56:21", "y" : 83 },
{ "traffic_xy_id" : 42, "className" : "trafficThroughput", "start":"2017-10-24T20:56:23", "y" : 2 },
{ "traffic_xy_id" : 43, "className" : "trafficThroughput", "start":"2017-10-24T20:56:24", "y" : 83 },
{ "traffic_xy_id" : 44, "className" : "trafficThroughput", "start":"2017-10-24T20:56:25", "y" : 4 },
{ "traffic_xy_id" : 45, "className" : "trafficThroughput", "start":"2017-10-24T20:56:27", "y" : 83 },
{ "traffic_xy_id" : 46, "className" : "trafficThroughput", "start":"2017-10-24T20:56:29", "y" : 2 },
{ "traffic_xy_id" : 47, "className" : "trafficThroughput", "start":"2017-10-24T20:56:30", "y" : 84 },
{ "traffic_xy_id" : 48, "className" : "trafficThroughput", "start":"2017-10-24T20:56:32", "y" : 2 },
{ "traffic_xy_id" : 49, "className" : "trafficThroughput", "start":"2017-10-24T20:56:33", "y" : 83 },
{ "traffic_xy_id" : 50, "className" : "trafficThroughput", "start":"2017-10-24T20:56:35", "y" : 2 },
{ "traffic_xy_id" : 51, "className" : "trafficThroughput", "start":"2017-10-24T20:56:36", "y" : 91 },
{ "traffic_xy_id" : 52, "className" : "trafficThroughput", "start":"2017-10-24T20:56:38", "y" : 2 },
{ "traffic_xy_id" : 53, "className" : "trafficThroughput", "start":"2017-10-24T20:56:39", "y" : 87 },
{ "traffic_xy_id" : 54, "className" : "trafficThroughput", "start":"2017-10-24T20:56:41", "y" : 2 },
{ "traffic_xy_id" : 55, "className" : "trafficThroughput", "start":"2017-10-24T20:56:42", "y" : 83 },
{ "traffic_xy_id" : 56, "className" : "trafficThroughput", "start":"2017-10-24T20:56:44", "y" : 2 },
{ "traffic_xy_id" : 57, "className" : "trafficThroughput", "start":"2017-10-24T20:56:45", "y" : 84 },
{ "traffic_xy_id" : 58, "className" : "trafficThroughput", "start":"2017-10-24T20:56:47", "y" : 2 },
{ "traffic_xy_id" : 59, "className" : "trafficThroughput", "start":"2017-10-24T20:56:48", "y" : 87 },
{ "traffic_xy_id" : 60, "className" : "trafficThroughput", "start":"2017-10-24T20:56:50", "y" : 2 },
{ "traffic_xy_id" : 61, "className" : "trafficThroughput", "start":"2017-10-24T20:56:51", "y" : 83 },
{ "traffic_xy_id" : 62, "className" : "trafficThroughput", "start":"2017-10-24T20:56:52", "y" : 4 },
{ "traffic_xy_id" : 63, "className" : "trafficThroughput", "start":"2017-10-24T20:56:54", "y" : 82 },
{ "traffic_xy_id" : 64, "className" : "trafficThroughput", "start":"2017-10-24T20:56:55", "y" : 4 },
{ "traffic_xy_id" : 65, "className" : "trafficThroughput", "start":"2017-10-24T20:56:57", "y" : 83 },
{ "traffic_xy_id" : 66, "className" : "trafficThroughput", "start":"2017-10-24T20:56:59", "y" : 2 },
{ "traffic_xy_id" : 67, "className" : "trafficThroughput", "start":"2017-10-24T20:57:00", "y" : 84 },
{ "traffic_xy_id" : 68, "className" : "trafficThroughput", "start":"2017-10-24T20:57:02", "y" : 1 }
]