[{ "traffic_xy_id" : 0, "className" : "trafficThroughput", "start":"2017-10-24T21:02:34", "y" : 2 },
{ "traffic_xy_id" : 1, "className" : "trafficThroughput", "start":"2017-10-24T21:02:49", "y" : 1 },
{ "traffic_xy_id" : 2, "className" : "trafficThroughput", "start":"2017-10-24T21:03:05", "y" : 1 },
{ "traffic_xy_id" : 3, "className" : "trafficThroughput", "start":"2017-10-24T21:03:19", "y" : 1 },
{ "traffic_xy_id" : 4, "className" : "trafficThroughput", "start":"2017-10-24T21:03:35", "y" : 1 },
{ "traffic_xy_id" : 5, "className" : "trafficThroughput", "start":"2017-10-24T21:04:04", "y" : 1 },
{ "traffic_xy_id" : 6, "className" : "trafficThroughput", "start":"2017-10-24T21:04:23", "y" : 1 },
{ "traffic_xy_id" : 7, "className" : "trafficThroughput", "start":"2017-10-24T21:04:38", "y" : 1 },
{ "traffic_xy_id" : 8, "className" : "trafficThroughput", "start":"2017-10-24T21:04:39", "y" : 1 },
{ "traffic_xy_id" : 9, "className" : "trafficThroughput", "start":"2017-10-24T21:04:40", "y" : 7 },
{ "traffic_xy_id" : 10, "className" : "trafficThroughput", "start":"2017-10-24T21:04:41", "y" : 1 },
{ "traffic_xy_id" : 11, "className" : "trafficThroughput", "start":"2017-10-24T21:04:43", "y" : 2 },
{ "traffic_xy_id" : 12, "className" : "trafficThroughput", "start":"2017-10-24T21:04:46", "y" : 2 },
{ "traffic_xy_id" : 13, "className" : "trafficThroughput", "start":"2017-10-24T21:04:53", "y" : 1 },
{ "traffic_xy_id" : 14, "className" : "trafficThroughput", "start":"2017-10-24T21:04:54", "y" : 2 },
{ "traffic_xy_id" : 15, "className" : "trafficThroughput", "start":"2017-10-24T21:05:05", "y" : 1 },
{ "traffic_xy_id" : 16, "className" : "trafficThroughput", "start":"2017-10-24T21:05:06", "y" : 2 },
{ "traffic_xy_id" : 17, "className" : "trafficThroughput", "start":"2017-10-24T21:05:09", "y" : 1 },
{ "traffic_xy_id" : 18, "className" : "trafficThroughput", "start":"2017-10-24T21:05:11", "y" : 67 },
{ "traffic_xy_id" : 19, "className" : "trafficThroughput", "start":"2017-10-24T21:05:13", "y" : 2 },
{ "traffic_xy_id" : 20, "className" : "trafficThroughput", "start":"2017-10-24T21:05:14", "y" : 86 },
{ "traffic_xy_id" : 21, "className" : "trafficThroughput", "start":"2017-10-24T21:05:16", "y" : 2 },
{ "traffic_xy_id" : 22, "className" : "trafficThroughput", "start":"2017-10-24T21:05:17", "y" : 89 },
{ "traffic_xy_id" : 23, "className" : "trafficThroughput", "start":"2017-10-24T21:05:19", "y" : 2 },
{ "traffic_xy_id" : 24, "className" : "trafficThroughput", "start":"2017-10-24T21:05:20", "y" : 84 },
{ "traffic_xy_id" : 25, "className" : "trafficThroughput", "start":"2017-10-24T21:05:22", "y" : 2 },
{ "traffic_xy_id" : 26, "className" : "trafficThroughput", "start":"2017-10-24T21:05:23", "y" : 86 },
{ "traffic_xy_id" : 27, "className" : "trafficThroughput", "start":"2017-10-24T21:05:24", "y" : 3 },
{ "traffic_xy_id" : 28, "className" : "trafficThroughput", "start":"2017-10-24T21:05:26", "y" : 90 },
{ "traffic_xy_id" : 29, "className" : "trafficThroughput", "start":"2017-10-24T21:05:28", "y" : 2 },
{ "traffic_xy_id" : 30, "className" : "trafficThroughput", "start":"2017-10-24T21:05:29", "y" : 85 },
{ "traffic_xy_id" : 31, "className" : "trafficThroughput", "start":"2017-10-24T21:05:31", "y" : 2 },
{ "traffic_xy_id" : 32, "className" : "trafficThroughput", "start":"2017-10-24T21:05:32", "y" : 84 },
{ "traffic_xy_id" : 33, "className" : "trafficThroughput", "start":"2017-10-24T21:05:34", "y" : 3 },
{ "traffic_xy_id" : 34, "className" : "trafficThroughput", "start":"2017-10-24T21:05:35", "y" : 86 },
{ "traffic_xy_id" : 35, "className" : "trafficThroughput", "start":"2017-10-24T21:05:37", "y" : 2 },
{ "traffic_xy_id" : 36, "className" : "trafficThroughput", "start":"2017-10-24T21:05:38", "y" : 88 },
{ "traffic_xy_id" : 37, "className" : "trafficThroughput", "start":"2017-10-24T21:05:39", "y" : 3 },
{ "traffic_xy_id" : 38, "className" : "trafficThroughput", "start":"2017-10-24T21:05:41", "y" : 89 },
{ "traffic_xy_id" : 39, "className" : "trafficThroughput", "start":"2017-10-24T21:05:43", "y" : 2 },
{ "traffic_xy_id" : 40, "className" : "trafficThroughput", "start":"2017-10-24T21:05:44", "y" : 85 },
{ "traffic_xy_id" : 41, "className" : "trafficThroughput", "start":"2017-10-24T21:05:46", "y" : 2 },
{ "traffic_xy_id" : 42, "className" : "trafficThroughput", "start":"2017-10-24T21:05:47", "y" : 85 },
{ "traffic_xy_id" : 43, "className" : "trafficThroughput", "start":"2017-10-24T21:05:49", "y" : 2 },
{ "traffic_xy_id" : 44, "className" : "trafficThroughput", "start":"2017-10-24T21:05:50", "y" : 90 },
{ "traffic_xy_id" : 45, "className" : "trafficThroughput", "start":"2017-10-24T21:05:52", "y" : 2 },
{ "traffic_xy_id" : 46, "className" : "trafficThroughput", "start":"2017-10-24T21:05:53", "y" : 85 },
{ "traffic_xy_id" : 47, "className" : "trafficThroughput", "start":"2017-10-24T21:05:54", "y" : 3 },
{ "traffic_xy_id" : 48, "className" : "trafficThroughput", "start":"2017-10-24T21:05:56", "y" : 84 },
{ "traffic_xy_id" : 49, "className" : "trafficThroughput", "start":"2017-10-24T21:05:58", "y" : 1 }
]