[
	{"snoopy_id" : 0, "content" : "touch \/tmp\/snoopy.log ", "className" : "snoopy", "start" : "2017-10-24T20:51:25"},
	{"snoopy_id" : 1, "content" : "tail -f \/tmp\/snoopy.log ", "className" : "snoopy", "start" : "2017-10-24T20:51:25"},
	{"snoopy_id" : 2, "content" : "uname -p ", "className" : "snoopy", "start" : "2017-10-24T20:51:25"},
	{"snoopy_id" : 3, "content" : "gnome-terminal ", "className" : "snoopy", "start" : "2017-10-24T20:51:28"},
	{"snoopy_id" : 4, "content" : "gnome-terminal ", "className" : "snoopy", "start" : "2017-10-24T20:51:28"},
	{"snoopy_id" : 5, "content" : "gnome-terminal ", "className" : "snoopy", "start" : "2017-10-24T20:51:28"},
	{"snoopy_id" : 6, "content" : "gnome-terminal ", "className" : "snoopy", "start" : "2017-10-24T20:51:28"},
	{"snoopy_id" : 7, "content" : "\/usr\/lib\/gnome-terminal\/gnome-terminal-server ", "className" : "snoopy", "start" : "2017-10-24T20:51:28"},
	{"snoopy_id" : 8, "content" : "bash ", "className" : "snoopy", "start" : "2017-10-24T20:51:29"},
	{"snoopy_id" : 9, "content" : "tput setaf 1 ", "className" : "snoopy", "start" : "2017-10-24T20:51:29"},
	{"snoopy_id" : 10, "content" : "dircolors -b ", "className" : "snoopy", "start" : "2017-10-24T20:51:29"},
	{"snoopy_id" : 11, "content" : "ls \/etc\/bash_completion.d ", "className" : "snoopy", "start" : "2017-10-24T20:51:29"},
	{"snoopy_id" : 12, "content" : "wireshark ", "className" : "snoopy", "start" : "2017-10-24T20:51:31"},
	{"snoopy_id" : 13, "content" : "\/usr\/lib\/x86_64-linux-gnu\/gconf\/gconfd-2 ", "className" : "snoopy", "start" : "2017-10-24T20:51:34"},
	{"snoopy_id" : 14, "content" : "\/sbin\/crda ", "className" : "snoopy", "start" : "2017-10-24T20:51:34"},
	{"snoopy_id" : 15, "content" : "\/usr\/lib\/x86_64-linux-gnu\/wireshark\/extcap\/randpktdump --extcap-interfaces ", "className" : "snoopy", "start" : "2017-10-24T20:51:36"},
	{"snoopy_id" : 16, "content" : "\/usr\/lib\/x86_64-linux-gnu\/wireshark\/extcap\/androiddump --extcap-interfaces ", "className" : "snoopy", "start" : "2017-10-24T20:51:36"},
	{"snoopy_id" : 17, "content" : "\/usr\/lib\/x86_64-linux-gnu\/wireshark\/extcap\/randpktdump --extcap-config --extcap-interface randpkt ", "className" : "snoopy", "start" : "2017-10-24T20:51:36"},
	{"snoopy_id" : 18, "content" : "\/usr\/bin\/dumpcap -D -Z none ", "className" : "snoopy", "start" : "2017-10-24T20:51:36"},
	{"snoopy_id" : 19, "content" : "\/usr\/lib\/x86_64-linux-gnu\/wireshark\/extcap\/randpktdump --extcap-interfaces ", "className" : "snoopy", "start" : "2017-10-24T20:51:36"},
	{"snoopy_id" : 20, "content" : "\/usr\/lib\/x86_64-linux-gnu\/wireshark\/extcap\/androiddump --extcap-interfaces ", "className" : "snoopy", "start" : "2017-10-24T20:51:36"},
	{"snoopy_id" : 21, "content" : "\/usr\/bin\/dumpcap -i eth0 -L -Z none ", "className" : "snoopy", "start" : "2017-10-24T20:51:36"},
	{"snoopy_id" : 22, "content" : "\/usr\/bin\/dumpcap -i any -L -Z none ", "className" : "snoopy", "start" : "2017-10-24T20:51:36"},
	{"snoopy_id" : 23, "content" : "\/usr\/bin\/dumpcap -i lo -L -Z none ", "className" : "snoopy", "start" : "2017-10-24T20:51:37"},
	{"snoopy_id" : 24, "content" : "\/usr\/bin\/dumpcap -i nflog -L -Z none ", "className" : "snoopy", "start" : "2017-10-24T20:51:37"},
	{"snoopy_id" : 25, "content" : "\/usr\/bin\/dumpcap -i nfqueue -L -Z none ", "className" : "snoopy", "start" : "2017-10-24T20:51:37"},
	{"snoopy_id" : 26, "content" : "\/usr\/bin\/dumpcap -i usbmon1 -L -Z none ", "className" : "snoopy", "start" : "2017-10-24T20:51:37"},
	{"snoopy_id" : 27, "content" : "\/usr\/bin\/dumpcap -i usbmon2 -L -Z none ", "className" : "snoopy", "start" : "2017-10-24T20:51:37"},
	{"snoopy_id" : 28, "content" : "\/usr\/lib\/x86_64-linux-gnu\/wireshark\/extcap\/randpktdump --extcap-dlts --extcap-interface randpkt ", "className" : "snoopy", "start" : "2017-10-24T20:51:37"},
	{"snoopy_id" : 29, "content" : "\/usr\/lib\/x86_64-linux-gnu\/wireshark\/extcap\/randpktdump --extcap-config --extcap-interface randpkt ", "className" : "snoopy", "start" : "2017-10-24T20:51:37"},
	{"snoopy_id" : 30, "content" : "\/usr\/bin\/dumpcap -S -Z none ", "className" : "snoopy", "start" : "2017-10-24T20:51:37"},
	{"snoopy_id" : 31, "content" : "\/usr\/bin\/dumpcap -n -i eth0 -y EN10MB -Z none ", "className" : "snoopy", "start" : "2017-10-24T20:51:40"},
	{"snoopy_id" : 32, "content" : "ifconfig eth0 10.0.5.2\/24 up ", "className" : "snoopy", "start" : "2017-10-24T20:53:39"},
	{"snoopy_id" : 33, "content" : "route add default gw 10.0.5.1 ", "className" : "snoopy", "start" : "2017-10-24T20:53:51"},
	{"snoopy_id" : 34, "content" : "firefox-esr ", "className" : "snoopy", "start" : "2017-10-24T20:53:53"},
	{"snoopy_id" : 35, "content" : "firefox-esr ", "className" : "snoopy", "start" : "2017-10-24T20:53:53"},
	{"snoopy_id" : 36, "content" : "firefox-esr ", "className" : "snoopy", "start" : "2017-10-24T20:53:53"},
	{"snoopy_id" : 37, "content" : "firefox-esr ", "className" : "snoopy", "start" : "2017-10-24T20:53:53"},
	{"snoopy_id" : 38, "content" : "loki.py ", "className" : "snoopy", "start" : "2017-10-24T20:54:26"},
	{"snoopy_id" : 39, "content" : "uname -p ", "className" : "snoopy", "start" : "2017-10-24T20:54:27"},
	{"snoopy_id" : 40, "content" : "debian-sa1 1 1 ", "className" : "snoopy", "start" : "2017-10-24T20:55:01"},
	{"snoopy_id" : 41, "content" : "bash ", "className" : "snoopy", "start" : "2017-10-24T20:55:17"},
	{"snoopy_id" : 42, "content" : "tput setaf 1 ", "className" : "snoopy", "start" : "2017-10-24T20:55:17"},
	{"snoopy_id" : 43, "content" : "dircolors -b ", "className" : "snoopy", "start" : "2017-10-24T20:55:17"},
	{"snoopy_id" : 44, "content" : "ls \/etc\/bash_completion.d ", "className" : "snoopy", "start" : "2017-10-24T20:55:17"},
	{"snoopy_id" : 45, "content" : "ifconfig eth0:1 10.0.4.10\/24 up ", "className" : "snoopy", "start" : "2017-10-24T20:55:39"},
	{"snoopy_id" : 46, "content" : "apache2ctl start ", "className" : "snoopy", "start" : "2017-10-24T20:55:45"},
	{"snoopy_id" : 47, "content" : "id -u ", "className" : "snoopy", "start" : "2017-10-24T20:55:45"},
	{"snoopy_id" : 48, "content" : "mkdir -p \/var\/run\/apache2 ", "className" : "snoopy", "start" : "2017-10-24T20:55:45"},
	{"snoopy_id" : 49, "content" : "stat -c %F:%U \/var\/lock\/apache2 ", "className" : "snoopy", "start" : "2017-10-24T20:55:45"},
	{"snoopy_id" : 50, "content" : "mktemp -d \/var\/lock\/apache2.XXXXXXXXXX ", "className" : "snoopy", "start" : "2017-10-24T20:55:46"},
	{"snoopy_id" : 51, "content" : "chmod 755 \/var\/lock\/apache2.qjCqcd8pGk ", "className" : "snoopy", "start" : "2017-10-24T20:55:46"},
	{"snoopy_id" : 52, "content" : "chown www-data \/var\/lock\/apache2.qjCqcd8pGk ", "className" : "snoopy", "start" : "2017-10-24T20:55:46"},
	{"snoopy_id" : 53, "content" : "mv -T \/var\/lock\/apache2.qjCqcd8pGk \/var\/lock\/apache2 ", "className" : "snoopy", "start" : "2017-10-24T20:55:46"},
	{"snoopy_id" : 54, "content" : "rm -f \/var\/run\/apache2\/*ssl_scache* ", "className" : "snoopy", "start" : "2017-10-24T20:55:46"},
	{"snoopy_id" : 55, "content" : "\/usr\/sbin\/apache2 -k start ", "className" : "snoopy", "start" : "2017-10-24T20:55:46"},
	{"snoopy_id" : 56, "content" : "cp \/root\/s_site\/index.html \/var\/www\/html\/index.html ", "className" : "snoopy", "start" : "2017-10-24T20:56:28"},
	{"snoopy_id" : 57, "content" : "apache2ctl restart ", "className" : "snoopy", "start" : "2017-10-24T20:56:37"},
	{"snoopy_id" : 58, "content" : "id -u ", "className" : "snoopy", "start" : "2017-10-24T20:56:37"},
	{"snoopy_id" : 59, "content" : "\/usr\/sbin\/apache2 -t ", "className" : "snoopy", "start" : "2017-10-24T20:56:37"},
	{"snoopy_id" : 60, "content" : "\/usr\/sbin\/apache2 -k restart ", "className" : "snoopy", "start" : "2017-10-24T20:56:37"}
]
