[
	{"snoopy_id" : 0, "content" : "touch \/tmp\/snoopy.log ", "className" : "snoopy", "start" : "2017-10-25T17:41:20"},
	{"snoopy_id" : 1, "content" : "tail -f \/tmp\/snoopy.log ", "className" : "snoopy", "start" : "2017-10-25T17:41:20"},
	{"snoopy_id" : 2, "content" : "uname -p ", "className" : "snoopy", "start" : "2017-10-25T17:41:21"},
	{"snoopy_id" : 3, "content" : "gnome-terminal ", "className" : "snoopy", "start" : "2017-10-25T17:41:22"},
	{"snoopy_id" : 4, "content" : "gnome-terminal ", "className" : "snoopy", "start" : "2017-10-25T17:41:22"},
	{"snoopy_id" : 5, "content" : "gnome-terminal ", "className" : "snoopy", "start" : "2017-10-25T17:41:22"},
	{"snoopy_id" : 6, "content" : "gnome-terminal ", "className" : "snoopy", "start" : "2017-10-25T17:41:22"},
	{"snoopy_id" : 7, "content" : "\/usr\/lib\/gnome-terminal\/gnome-terminal-server ", "className" : "snoopy", "start" : "2017-10-25T17:41:22"},
	{"snoopy_id" : 8, "content" : "bash ", "className" : "snoopy", "start" : "2017-10-25T17:41:23"},
	{"snoopy_id" : 9, "content" : "tput setaf 1 ", "className" : "snoopy", "start" : "2017-10-25T17:41:23"},
	{"snoopy_id" : 10, "content" : "dircolors -b ", "className" : "snoopy", "start" : "2017-10-25T17:41:23"},
	{"snoopy_id" : 11, "content" : "ls \/etc\/bash_completion.d ", "className" : "snoopy", "start" : "2017-10-25T17:41:23"},
	{"snoopy_id" : 12, "content" : "ifconfig eth0 10.0.0.2\/24 up ", "className" : "snoopy", "start" : "2017-10-25T17:41:34"},
	{"snoopy_id" : 13, "content" : "nmap 10.0.0.0-255 ", "className" : "snoopy", "start" : "2017-10-25T17:41:42"},
	{"snoopy_id" : 14, "content" : "dumpcap -i eth0 -w \/root\/ecel\/plugins\/collectors\/tshark\/raw\/1508953280_eth0.pcap ", "className" : "snoopy", "start" : "2017-10-25T17:41:50"},
	{"snoopy_id" : 15, "content" : "dumpcap -i eth0 -w \/root\/ecel\/plugins\/collectors\/tshark\/raw\/1508953280_eth0.pcap ", "className" : "snoopy", "start" : "2017-10-25T17:41:50"},
	{"snoopy_id" : 16, "content" : "dumpcap -i eth0 -w \/root\/ecel\/plugins\/collectors\/tshark\/raw\/1508953280_eth0.pcap ", "className" : "snoopy", "start" : "2017-10-25T17:41:50"},
	{"snoopy_id" : 17, "content" : "dumpcap -i eth0 -w \/root\/ecel\/plugins\/collectors\/tshark\/raw\/1508953280_eth0.pcap ", "className" : "snoopy", "start" : "2017-10-25T17:41:50"},
	{"snoopy_id" : 18, "content" : "route add default gw 10.0.0.1 ", "className" : "snoopy", "start" : "2017-10-25T17:41:58"},
	{"snoopy_id" : 19, "content" : "firefox-esr ", "className" : "snoopy", "start" : "2017-10-25T17:42:02"},
	{"snoopy_id" : 20, "content" : "firefox-esr ", "className" : "snoopy", "start" : "2017-10-25T17:42:02"},
	{"snoopy_id" : 21, "content" : "firefox-esr ", "className" : "snoopy", "start" : "2017-10-25T17:42:02"},
	{"snoopy_id" : 22, "content" : "firefox-esr ", "className" : "snoopy", "start" : "2017-10-25T17:42:02"},
	{"snoopy_id" : 23, "content" : "man nmap ", "className" : "snoopy", "start" : "2017-10-25T17:42:29"},
	{"snoopy_id" : 24, "content" : "locale charmap ", "className" : "snoopy", "start" : "2017-10-25T17:42:30"},
	{"snoopy_id" : 25, "content" : "groff -mtty-char -Tutf8 -mandoc -rLL=205n -rLT=205n ", "className" : "snoopy", "start" : "2017-10-25T17:42:30"},
	{"snoopy_id" : 26, "content" : "nmap 10.0.0-4.0-255 -p 80,80 ", "className" : "snoopy", "start" : "2017-10-25T17:42:47"},
	{"snoopy_id" : 27, "content" : "msfconsole ", "className" : "snoopy", "start" : "2017-10-25T17:43:29"},
	{"snoopy_id" : 28, "content" : "egrep -q \/usr\/share\/metasploit-framework\/vendor\/bundle ", "className" : "snoopy", "start" : "2017-10-25T17:43:29"},
	{"snoopy_id" : 29, "content" : "grep -E -q \/usr\/share\/metasploit-framework\/vendor\/bundle ", "className" : "snoopy", "start" : "2017-10-25T17:43:29"},
	{"snoopy_id" : 30, "content" : "grep -E -q \/usr\/share\/metasploit-framework\/vendor\/bundle ", "className" : "snoopy", "start" : "2017-10-25T17:43:29"},
	{"snoopy_id" : 31, "content" : "grep -E -q \/usr\/share\/metasploit-framework\/vendor\/bundle ", "className" : "snoopy", "start" : "2017-10-25T17:43:29"},
	{"snoopy_id" : 32, "content" : "grep -E -q \/usr\/share\/metasploit-framework\/vendor\/bundle ", "className" : "snoopy", "start" : "2017-10-25T17:43:29"},
	{"snoopy_id" : 33, "content" : "grep -E -q \/usr\/share\/metasploit-framework\/vendor\/bundle ", "className" : "snoopy", "start" : "2017-10-25T17:43:29"},
	{"snoopy_id" : 34, "content" : "grep -E -q \/usr\/share\/metasploit-framework\/vendor\/bundle ", "className" : "snoopy", "start" : "2017-10-25T17:43:29"},
	{"snoopy_id" : 35, "content" : "ruby \/usr\/bin\/msfconsole ", "className" : "snoopy", "start" : "2017-10-25T17:43:30"},
	{"snoopy_id" : 36, "content" : "ruby \/usr\/bin\/msfconsole ", "className" : "snoopy", "start" : "2017-10-25T17:43:30"},
	{"snoopy_id" : 37, "content" : "ruby \/usr\/bin\/msfconsole ", "className" : "snoopy", "start" : "2017-10-25T17:43:30"},
	{"snoopy_id" : 38, "content" : "ruby \/usr\/bin\/msfconsole ", "className" : "snoopy", "start" : "2017-10-25T17:43:30"},
	{"snoopy_id" : 39, "content" : "git --version ", "className" : "snoopy", "start" : "2017-10-25T17:43:30"},
	{"snoopy_id" : 40, "content" : "infocmp -C ", "className" : "snoopy", "start" : "2017-10-25T17:43:40"},
	{"snoopy_id" : 41, "content" : "infocmp -C -r ", "className" : "snoopy", "start" : "2017-10-25T17:43:40"},
	{"snoopy_id" : 42, "content" : "infocmp -C -r ", "className" : "snoopy", "start" : "2017-10-25T17:43:40"},
	{"snoopy_id" : 43, "content" : "stty size ", "className" : "snoopy", "start" : "2017-10-25T17:43:40"},
	{"snoopy_id" : 44, "content" : "infocmp -C -r ", "className" : "snoopy", "start" : "2017-10-25T17:43:40"},
	{"snoopy_id" : 45, "content" : "stty -a ", "className" : "snoopy", "start" : "2017-10-25T17:43:40"},
	{"snoopy_id" : 46, "content" : "stty -a ", "className" : "snoopy", "start" : "2017-10-25T17:43:40"},
	{"snoopy_id" : 47, "content" : "stty -g ", "className" : "snoopy", "start" : "2017-10-25T17:43:40"},
	{"snoopy_id" : 48, "content" : "stty -a ", "className" : "snoopy", "start" : "2017-10-25T17:43:40"},
	{"snoopy_id" : 49, "content" : "stty -a ", "className" : "snoopy", "start" : "2017-10-25T17:43:40"},
	{"snoopy_id" : 50, "content" : "stty -echo -icrnl cbreak pass8 -ixoff ", "className" : "snoopy", "start" : "2017-10-25T17:43:40"},
	{"snoopy_id" : 51, "content" : "stty 4500:5:bf:8a3b:3:1c:7f:15:4:0:1:0:11:13:1a:0:12:f:17:16:0:0:0:0:0:0:0:0:0:0:0:0:0:0:0:0 ", "className" : "snoopy", "start" : "2017-10-25T17:43:57"},
	{"snoopy_id" : 52, "content" : "stty -a ", "className" : "snoopy", "start" : "2017-10-25T17:44:19"},
	{"snoopy_id" : 53, "content" : "stty -g ", "className" : "snoopy", "start" : "2017-10-25T17:44:19"},
	{"snoopy_id" : 54, "content" : "stty -a ", "className" : "snoopy", "start" : "2017-10-25T17:44:19"},
	{"snoopy_id" : 55, "content" : "stty -a ", "className" : "snoopy", "start" : "2017-10-25T17:44:19"},
	{"snoopy_id" : 56, "content" : "stty -echo -icrnl cbreak pass8 -ixoff ", "className" : "snoopy", "start" : "2017-10-25T17:44:19"},
	{"snoopy_id" : 57, "content" : "stty 4500:5:bf:8a3b:3:1c:7f:15:4:0:1:0:11:13:1a:0:12:f:17:16:0:0:0:0:0:0:0:0:0:0:0:0:0:0:0:0 ", "className" : "snoopy", "start" : "2017-10-25T17:44:40"},
	{"snoopy_id" : 58, "content" : "stty -a ", "className" : "snoopy", "start" : "2017-10-25T17:44:40"},
	{"snoopy_id" : 59, "content" : "stty -g ", "className" : "snoopy", "start" : "2017-10-25T17:44:40"},
	{"snoopy_id" : 60, "content" : "stty -a ", "className" : "snoopy", "start" : "2017-10-25T17:44:40"},
	{"snoopy_id" : 61, "content" : "stty -a ", "className" : "snoopy", "start" : "2017-10-25T17:44:40"},
	{"snoopy_id" : 62, "content" : "stty -echo -icrnl cbreak pass8 -ixoff ", "className" : "snoopy", "start" : "2017-10-25T17:44:40"},
	{"snoopy_id" : 63, "content" : "stty 4500:5:bf:8a3b:3:1c:7f:15:4:0:1:0:11:13:1a:0:12:f:17:16:0:0:0:0:0:0:0:0:0:0:0:0:0:0:0:0 ", "className" : "snoopy", "start" : "2017-10-25T17:44:44"},
	{"snoopy_id" : 64, "content" : "stty -a ", "className" : "snoopy", "start" : "2017-10-25T17:44:44"},
	{"snoopy_id" : 65, "content" : "stty -g ", "className" : "snoopy", "start" : "2017-10-25T17:44:44"},
	{"snoopy_id" : 66, "content" : "stty -a ", "className" : "snoopy", "start" : "2017-10-25T17:44:44"},
	{"snoopy_id" : 67, "content" : "stty -a ", "className" : "snoopy", "start" : "2017-10-25T17:44:44"},
	{"snoopy_id" : 68, "content" : "stty -echo -icrnl cbreak pass8 -ixoff ", "className" : "snoopy", "start" : "2017-10-25T17:44:44"},
	{"snoopy_id" : 69, "content" : "stty 4500:5:bf:8a3b:3:1c:7f:15:4:0:1:0:11:13:1a:0:12:f:17:16:0:0:0:0:0:0:0:0:0:0:0:0:0:0:0:0 ", "className" : "snoopy", "start" : "2017-10-25T17:44:54"},
	{"snoopy_id" : 70, "content" : "stty -a ", "className" : "snoopy", "start" : "2017-10-25T17:44:54"},
	{"snoopy_id" : 71, "content" : "stty -g ", "className" : "snoopy", "start" : "2017-10-25T17:44:54"},
	{"snoopy_id" : 72, "content" : "stty -a ", "className" : "snoopy", "start" : "2017-10-25T17:44:54"},
	{"snoopy_id" : 73, "content" : "stty -a ", "className" : "snoopy", "start" : "2017-10-25T17:44:54"},
	{"snoopy_id" : 74, "content" : "stty -echo -icrnl cbreak pass8 -ixoff ", "className" : "snoopy", "start" : "2017-10-25T17:44:54"},
	{"snoopy_id" : 75, "content" : "stty 4500:5:bf:8a3b:3:1c:7f:15:4:0:1:0:11:13:1a:0:12:f:17:16:0:0:0:0:0:0:0:0:0:0:0:0:0:0:0:0 ", "className" : "snoopy", "start" : "2017-10-25T17:45:00"},
	{"snoopy_id" : 76, "content" : "stty -a ", "className" : "snoopy", "start" : "2017-10-25T17:45:00"},
	{"snoopy_id" : 77, "content" : "stty -g ", "className" : "snoopy", "start" : "2017-10-25T17:45:00"},
	{"snoopy_id" : 78, "content" : "stty -a ", "className" : "snoopy", "start" : "2017-10-25T17:45:00"},
	{"snoopy_id" : 79, "content" : "stty -a ", "className" : "snoopy", "start" : "2017-10-25T17:45:00"},
	{"snoopy_id" : 80, "content" : "stty -echo -icrnl cbreak pass8 -ixoff ", "className" : "snoopy", "start" : "2017-10-25T17:45:00"},
	{"snoopy_id" : 81, "content" : "debian-sa1 1 1 ", "className" : "snoopy", "start" : "2017-10-25T17:45:01"},
	{"snoopy_id" : 82, "content" : "stty 4500:5:bf:8a3b:3:1c:7f:15:4:0:1:0:11:13:1a:0:12:f:17:16:0:0:0:0:0:0:0:0:0:0:0:0:0:0:0:0 ", "className" : "snoopy", "start" : "2017-10-25T17:45:02"},
	{"snoopy_id" : 83, "content" : "stty -a ", "className" : "snoopy", "start" : "2017-10-25T17:45:03"},
	{"snoopy_id" : 84, "content" : "stty -g ", "className" : "snoopy", "start" : "2017-10-25T17:45:03"},
	{"snoopy_id" : 85, "content" : "stty -a ", "className" : "snoopy", "start" : "2017-10-25T17:45:03"},
	{"snoopy_id" : 86, "content" : "stty -a ", "className" : "snoopy", "start" : "2017-10-25T17:45:03"},
	{"snoopy_id" : 87, "content" : "stty -echo -icrnl cbreak pass8 -ixoff ", "className" : "snoopy", "start" : "2017-10-25T17:45:03"},
	{"snoopy_id" : 88, "content" : "stty 4500:5:bf:8a3b:3:1c:7f:15:4:0:1:0:11:13:1a:0:12:f:17:16:0:0:0:0:0:0:0:0:0:0:0:0:0:0:0:0 ", "className" : "snoopy", "start" : "2017-10-25T17:45:10"},
	{"snoopy_id" : 89, "content" : "stty -a ", "className" : "snoopy", "start" : "2017-10-25T17:45:32"},
	{"snoopy_id" : 90, "content" : "stty -g ", "className" : "snoopy", "start" : "2017-10-25T17:45:32"},
	{"snoopy_id" : 91, "content" : "stty -a ", "className" : "snoopy", "start" : "2017-10-25T17:45:32"},
	{"snoopy_id" : 92, "content" : "stty -a ", "className" : "snoopy", "start" : "2017-10-25T17:45:32"},
	{"snoopy_id" : 93, "content" : "stty -echo -icrnl cbreak pass8 -ixoff ", "className" : "snoopy", "start" : "2017-10-25T17:45:32"},
	{"snoopy_id" : 94, "content" : "stty 4500:5:bf:8a3b:3:1c:7f:15:4:0:1:0:11:13:1a:0:12:f:17:16:0:0:0:0:0:0:0:0:0:0:0:0:0:0:0:0 ", "className" : "snoopy", "start" : "2017-10-25T17:46:02"},
	{"snoopy_id" : 95, "content" : "stty -a ", "className" : "snoopy", "start" : "2017-10-25T17:46:02"},
	{"snoopy_id" : 96, "content" : "stty -g ", "className" : "snoopy", "start" : "2017-10-25T17:46:02"},
	{"snoopy_id" : 97, "content" : "stty -a ", "className" : "snoopy", "start" : "2017-10-25T17:46:02"},
	{"snoopy_id" : 98, "content" : "stty -a ", "className" : "snoopy", "start" : "2017-10-25T17:46:02"},
	{"snoopy_id" : 99, "content" : "stty -echo -icrnl cbreak pass8 -ixoff ", "className" : "snoopy", "start" : "2017-10-25T17:46:02"},
	{"snoopy_id" : 100, "content" : "stty 4500:5:bf:8a3b:3:1c:7f:15:4:0:1:0:11:13:1a:0:12:f:17:16:0:0:0:0:0:0:0:0:0:0:0:0:0:0:0:0 ", "className" : "snoopy", "start" : "2017-10-25T17:46:06"},
	{"snoopy_id" : 101, "content" : "stty -a ", "className" : "snoopy", "start" : "2017-10-25T17:46:06"},
	{"snoopy_id" : 102, "content" : "stty -g ", "className" : "snoopy", "start" : "2017-10-25T17:46:06"},
	{"snoopy_id" : 103, "content" : "stty -a ", "className" : "snoopy", "start" : "2017-10-25T17:46:06"},
	{"snoopy_id" : 104, "content" : "stty -a ", "className" : "snoopy", "start" : "2017-10-25T17:46:06"},
	{"snoopy_id" : 105, "content" : "stty -echo -icrnl cbreak pass8 -ixoff ", "className" : "snoopy", "start" : "2017-10-25T17:46:06"},
	{"snoopy_id" : 106, "content" : "stty 4500:5:bf:8a3b:3:1c:7f:15:4:0:1:0:11:13:1a:0:12:f:17:16:0:0:0:0:0:0:0:0:0:0:0:0:0:0:0:0 ", "className" : "snoopy", "start" : "2017-10-25T17:46:16"},
	{"snoopy_id" : 107, "content" : "stty -a ", "className" : "snoopy", "start" : "2017-10-25T17:46:16"},
	{"snoopy_id" : 108, "content" : "stty -g ", "className" : "snoopy", "start" : "2017-10-25T17:46:16"},
	{"snoopy_id" : 109, "content" : "stty -a ", "className" : "snoopy", "start" : "2017-10-25T17:46:16"},
	{"snoopy_id" : 110, "content" : "stty -a ", "className" : "snoopy", "start" : "2017-10-25T17:46:16"},
	{"snoopy_id" : 111, "content" : "stty -echo -icrnl cbreak pass8 -ixoff ", "className" : "snoopy", "start" : "2017-10-25T17:46:16"},
	{"snoopy_id" : 112, "content" : "stty 4500:5:bf:8a3b:3:1c:7f:15:4:0:1:0:11:13:1a:0:12:f:17:16:0:0:0:0:0:0:0:0:0:0:0:0:0:0:0:0 ", "className" : "snoopy", "start" : "2017-10-25T17:46:37"},
	{"snoopy_id" : 113, "content" : "stty -a ", "className" : "snoopy", "start" : "2017-10-25T17:46:39"},
	{"snoopy_id" : 114, "content" : "stty -g ", "className" : "snoopy", "start" : "2017-10-25T17:46:39"},
	{"snoopy_id" : 115, "content" : "stty -a ", "className" : "snoopy", "start" : "2017-10-25T17:46:39"},
	{"snoopy_id" : 116, "content" : "stty -a ", "className" : "snoopy", "start" : "2017-10-25T17:46:39"},
	{"snoopy_id" : 117, "content" : "stty -echo -icrnl cbreak pass8 -ixoff ", "className" : "snoopy", "start" : "2017-10-25T17:46:39"},
	{"snoopy_id" : 118, "content" : "stty 4500:5:bf:8a3b:3:1c:7f:15:4:0:1:0:11:13:1a:0:12:f:17:16:0:0:0:0:0:0:0:0:0:0:0:0:0:0:0:0 ", "className" : "snoopy", "start" : "2017-10-25T17:46:47"},
	{"snoopy_id" : 119, "content" : "stty -a ", "className" : "snoopy", "start" : "2017-10-25T17:46:47"},
	{"snoopy_id" : 120, "content" : "stty -g ", "className" : "snoopy", "start" : "2017-10-25T17:46:47"},
	{"snoopy_id" : 121, "content" : "stty -a ", "className" : "snoopy", "start" : "2017-10-25T17:46:47"},
	{"snoopy_id" : 122, "content" : "stty -a ", "className" : "snoopy", "start" : "2017-10-25T17:46:47"},
	{"snoopy_id" : 123, "content" : "stty -echo -icrnl cbreak pass8 -ixoff ", "className" : "snoopy", "start" : "2017-10-25T17:46:47"},
	{"snoopy_id" : 124, "content" : "stty 4500:5:bf:8a3b:3:1c:7f:15:4:0:1:0:11:13:1a:0:12:f:17:16:0:0:0:0:0:0:0:0:0:0:0:0:0:0:0:0 ", "className" : "snoopy", "start" : "2017-10-25T17:46:57"},
	{"snoopy_id" : 125, "content" : "stty -a ", "className" : "snoopy", "start" : "2017-10-25T17:46:57"},
	{"snoopy_id" : 126, "content" : "stty -g ", "className" : "snoopy", "start" : "2017-10-25T17:46:57"},
	{"snoopy_id" : 127, "content" : "stty -a ", "className" : "snoopy", "start" : "2017-10-25T17:46:57"},
	{"snoopy_id" : 128, "content" : "stty -a ", "className" : "snoopy", "start" : "2017-10-25T17:46:57"},
	{"snoopy_id" : 129, "content" : "stty -echo -icrnl cbreak pass8 -ixoff ", "className" : "snoopy", "start" : "2017-10-25T17:46:57"},
	{"snoopy_id" : 130, "content" : "stty 4500:5:bf:8a3b:3:1c:7f:15:4:0:1:0:11:13:1a:0:12:f:17:16:0:0:0:0:0:0:0:0:0:0:0:0:0:0:0:0 ", "className" : "snoopy", "start" : "2017-10-25T17:47:03"},
	{"snoopy_id" : 131, "content" : "stty -a ", "className" : "snoopy", "start" : "2017-10-25T17:47:14"},
	{"snoopy_id" : 132, "content" : "stty -g ", "className" : "snoopy", "start" : "2017-10-25T17:47:14"},
	{"snoopy_id" : 133, "content" : "stty -a ", "className" : "snoopy", "start" : "2017-10-25T17:47:14"},
	{"snoopy_id" : 134, "content" : "stty -a ", "className" : "snoopy", "start" : "2017-10-25T17:47:14"},
	{"snoopy_id" : 135, "content" : "stty -echo -icrnl cbreak pass8 -ixoff ", "className" : "snoopy", "start" : "2017-10-25T17:47:14"},
	{"snoopy_id" : 136, "content" : "stty 4500:5:bf:8a3b:3:1c:7f:15:4:0:1:0:11:13:1a:0:12:f:17:16:0:0:0:0:0:0:0:0:0:0:0:0:0:0:0:0 ", "className" : "snoopy", "start" : "2017-10-25T17:47:22"},
	{"snoopy_id" : 137, "content" : "stty -a ", "className" : "snoopy", "start" : "2017-10-25T17:47:22"},
	{"snoopy_id" : 138, "content" : "stty -g ", "className" : "snoopy", "start" : "2017-10-25T17:47:22"},
	{"snoopy_id" : 139, "content" : "stty -a ", "className" : "snoopy", "start" : "2017-10-25T17:47:22"},
	{"snoopy_id" : 140, "content" : "stty -a ", "className" : "snoopy", "start" : "2017-10-25T17:47:22"},
	{"snoopy_id" : 141, "content" : "stty -echo -icrnl cbreak pass8 -ixoff ", "className" : "snoopy", "start" : "2017-10-25T17:47:22"},
	{"snoopy_id" : 142, "content" : "stty 4500:5:bf:8a3b:3:1c:7f:15:4:0:1:0:11:13:1a:0:12:f:17:16:0:0:0:0:0:0:0:0:0:0:0:0:0:0:0:0 ", "className" : "snoopy", "start" : "2017-10-25T17:47:26"},
	{"snoopy_id" : 143, "content" : "stty -a ", "className" : "snoopy", "start" : "2017-10-25T17:47:26"},
	{"snoopy_id" : 144, "content" : "stty -g ", "className" : "snoopy", "start" : "2017-10-25T17:47:26"},
	{"snoopy_id" : 145, "content" : "stty -a ", "className" : "snoopy", "start" : "2017-10-25T17:47:26"},
	{"snoopy_id" : 146, "content" : "stty -a ", "className" : "snoopy", "start" : "2017-10-25T17:47:26"},
	{"snoopy_id" : 147, "content" : "stty -echo -icrnl cbreak pass8 -ixoff ", "className" : "snoopy", "start" : "2017-10-25T17:47:26"},
	{"snoopy_id" : 148, "content" : "stty 4500:5:bf:8a3b:3:1c:7f:15:4:0:1:0:11:13:1a:0:12:f:17:16:0:0:0:0:0:0:0:0:0:0:0:0:0:0:0:0 ", "className" : "snoopy", "start" : "2017-10-25T17:47:51"},
	{"snoopy_id" : 149, "content" : "stty -a ", "className" : "snoopy", "start" : "2017-10-25T17:47:51"},
	{"snoopy_id" : 150, "content" : "stty -g ", "className" : "snoopy", "start" : "2017-10-25T17:47:51"},
	{"snoopy_id" : 151, "content" : "stty -a ", "className" : "snoopy", "start" : "2017-10-25T17:47:51"},
	{"snoopy_id" : 152, "content" : "stty -a ", "className" : "snoopy", "start" : "2017-10-25T17:47:51"},
	{"snoopy_id" : 153, "content" : "stty -echo -icrnl cbreak pass8 -ixoff ", "className" : "snoopy", "start" : "2017-10-25T17:47:51"},
	{"snoopy_id" : 154, "content" : "stty 4500:5:bf:8a3b:3:1c:7f:15:4:0:1:0:11:13:1a:0:12:f:17:16:0:0:0:0:0:0:0:0:0:0:0:0:0:0:0:0 ", "className" : "snoopy", "start" : "2017-10-25T17:48:10"},
	{"snoopy_id" : 155, "content" : "stty -a ", "className" : "snoopy", "start" : "2017-10-25T17:48:10"},
	{"snoopy_id" : 156, "content" : "stty -g ", "className" : "snoopy", "start" : "2017-10-25T17:48:11"},
	{"snoopy_id" : 157, "content" : "stty -a ", "className" : "snoopy", "start" : "2017-10-25T17:48:11"},
	{"snoopy_id" : 158, "content" : "stty -a ", "className" : "snoopy", "start" : "2017-10-25T17:48:11"},
	{"snoopy_id" : 159, "content" : "stty -echo -icrnl cbreak pass8 -ixoff ", "className" : "snoopy", "start" : "2017-10-25T17:48:11"},
	{"snoopy_id" : 160, "content" : "stty 4500:5:bf:8a3b:3:1c:7f:15:4:0:1:0:11:13:1a:0:12:f:17:16:0:0:0:0:0:0:0:0:0:0:0:0:0:0:0:0 ", "className" : "snoopy", "start" : "2017-10-25T17:48:18"},
	{"snoopy_id" : 161, "content" : "stty -a ", "className" : "snoopy", "start" : "2017-10-25T17:48:18"},
	{"snoopy_id" : 162, "content" : "stty -g ", "className" : "snoopy", "start" : "2017-10-25T17:48:18"},
	{"snoopy_id" : 163, "content" : "stty -a ", "className" : "snoopy", "start" : "2017-10-25T17:48:18"},
	{"snoopy_id" : 164, "content" : "stty -a ", "className" : "snoopy", "start" : "2017-10-25T17:48:18"},
	{"snoopy_id" : 165, "content" : "stty -echo -icrnl cbreak pass8 -ixoff ", "className" : "snoopy", "start" : "2017-10-25T17:48:18"},
	{"snoopy_id" : 166, "content" : "stty 4500:5:bf:8a3b:3:1c:7f:15:4:0:1:0:11:13:1a:0:12:f:17:16:0:0:0:0:0:0:0:0:0:0:0:0:0:0:0:0 ", "className" : "snoopy", "start" : "2017-10-25T17:48:22"},
	{"snoopy_id" : 167, "content" : "stty -a ", "className" : "snoopy", "start" : "2017-10-25T17:48:22"},
	{"snoopy_id" : 168, "content" : "stty -g ", "className" : "snoopy", "start" : "2017-10-25T17:48:22"},
	{"snoopy_id" : 169, "content" : "stty -a ", "className" : "snoopy", "start" : "2017-10-25T17:48:22"},
	{"snoopy_id" : 170, "content" : "stty -a ", "className" : "snoopy", "start" : "2017-10-25T17:48:22"},
	{"snoopy_id" : 171, "content" : "stty -echo -icrnl cbreak pass8 -ixoff ", "className" : "snoopy", "start" : "2017-10-25T17:48:22"}
]
