[{ "traffic_xy_id" : 0, "className" : "trafficThroughput", "start":"2017-10-25T15:09:57", "y" : 3 },
{ "traffic_xy_id" : 1, "className" : "trafficThroughput", "start":"2017-10-25T15:10:01", "y" : 1 },
{ "traffic_xy_id" : 2, "className" : "trafficThroughput", "start":"2017-10-25T15:10:07", "y" : 2 },
{ "traffic_xy_id" : 3, "className" : "trafficThroughput", "start":"2017-10-25T15:10:17", "y" : 2 },
{ "traffic_xy_id" : 4, "className" : "trafficThroughput", "start":"2017-10-25T15:10:27", "y" : 2 },
{ "traffic_xy_id" : 5, "className" : "trafficThroughput", "start":"2017-10-25T15:10:33", "y" : 1 },
{ "traffic_xy_id" : 6, "className" : "trafficThroughput", "start":"2017-10-25T15:10:37", "y" : 2 },
{ "traffic_xy_id" : 7, "className" : "trafficThroughput", "start":"2017-10-25T15:10:40", "y" : 112 },
{ "traffic_xy_id" : 8, "className" : "trafficThroughput", "start":"2017-10-25T15:10:41", "y" : 404 },
{ "traffic_xy_id" : 9, "className" : "trafficThroughput", "start":"2017-10-25T15:10:42", "y" : 124 },
{ "traffic_xy_id" : 10, "className" : "trafficThroughput", "start":"2017-10-25T15:10:43", "y" : 579 },
{ "traffic_xy_id" : 11, "className" : "trafficThroughput", "start":"2017-10-25T15:10:44", "y" : 776 },
{ "traffic_xy_id" : 12, "className" : "trafficThroughput", "start":"2017-10-25T15:10:46", "y" : 81 },
{ "traffic_xy_id" : 13, "className" : "trafficThroughput", "start":"2017-10-25T15:10:47", "y" : 83 },
{ "traffic_xy_id" : 14, "className" : "trafficThroughput", "start":"2017-10-25T15:10:48", "y" : 81 },
{ "traffic_xy_id" : 15, "className" : "trafficThroughput", "start":"2017-10-25T15:10:49", "y" : 79 },
{ "traffic_xy_id" : 16, "className" : "trafficThroughput", "start":"2017-10-25T15:10:50", "y" : 79 },
{ "traffic_xy_id" : 17, "className" : "trafficThroughput", "start":"2017-10-25T15:10:51", "y" : 164 },
{ "traffic_xy_id" : 18, "className" : "trafficThroughput", "start":"2017-10-25T15:10:53", "y" : 174 },
{ "traffic_xy_id" : 19, "className" : "trafficThroughput", "start":"2017-10-25T15:10:54", "y" : 89 },
{ "traffic_xy_id" : 20, "className" : "trafficThroughput", "start":"2017-10-25T15:10:55", "y" : 176 },
{ "traffic_xy_id" : 21, "className" : "trafficThroughput", "start":"2017-10-25T15:10:57", "y" : 181 },
{ "traffic_xy_id" : 22, "className" : "trafficThroughput", "start":"2017-10-25T15:10:58", "y" : 178 },
{ "traffic_xy_id" : 23, "className" : "trafficThroughput", "start":"2017-10-25T15:10:59", "y" : 275 },
{ "traffic_xy_id" : 24, "className" : "trafficThroughput", "start":"2017-10-25T15:11:01", "y" : 281 },
{ "traffic_xy_id" : 25, "className" : "trafficThroughput", "start":"2017-10-25T15:11:02", "y" : 277 },
{ "traffic_xy_id" : 26, "className" : "trafficThroughput", "start":"2017-10-25T15:11:03", "y" : 273 },
{ "traffic_xy_id" : 27, "className" : "trafficThroughput", "start":"2017-10-25T15:11:04", "y" : 284 },
{ "traffic_xy_id" : 28, "className" : "trafficThroughput", "start":"2017-10-25T15:11:05", "y" : 282 },
{ "traffic_xy_id" : 29, "className" : "trafficThroughput", "start":"2017-10-25T15:11:07", "y" : 199 },
{ "traffic_xy_id" : 30, "className" : "trafficThroughput", "start":"2017-10-25T15:11:08", "y" : 288 },
{ "traffic_xy_id" : 31, "className" : "trafficThroughput", "start":"2017-10-25T15:11:09", "y" : 281 },
{ "traffic_xy_id" : 32, "className" : "trafficThroughput", "start":"2017-10-25T15:11:10", "y" : 276 },
{ "traffic_xy_id" : 33, "className" : "trafficThroughput", "start":"2017-10-25T15:11:11", "y" : 380 },
{ "traffic_xy_id" : 34, "className" : "trafficThroughput", "start":"2017-10-25T15:11:12", "y" : 287 },
{ "traffic_xy_id" : 35, "className" : "trafficThroughput", "start":"2017-10-25T15:11:13", "y" : 371 },
{ "traffic_xy_id" : 36, "className" : "trafficThroughput", "start":"2017-10-25T15:11:14", "y" : 371 },
{ "traffic_xy_id" : 37, "className" : "trafficThroughput", "start":"2017-10-25T15:11:15", "y" : 376 },
{ "traffic_xy_id" : 38, "className" : "trafficThroughput", "start":"2017-10-25T15:11:16", "y" : 388 },
{ "traffic_xy_id" : 39, "className" : "trafficThroughput", "start":"2017-10-25T15:11:17", "y" : 463 },
{ "traffic_xy_id" : 40, "className" : "trafficThroughput", "start":"2017-10-25T15:11:18", "y" : 45 },
{ "traffic_xy_id" : 41, "className" : "trafficThroughput", "start":"2017-10-25T15:11:19", "y" : 3 },
{ "traffic_xy_id" : 42, "className" : "trafficThroughput", "start":"2017-10-25T15:11:20", "y" : 1 },
{ "traffic_xy_id" : 43, "className" : "trafficThroughput", "start":"2017-10-25T15:11:22", "y" : 2 },
{ "traffic_xy_id" : 44, "className" : "trafficThroughput", "start":"2017-10-25T15:11:23", "y" : 4 },
{ "traffic_xy_id" : 45, "className" : "trafficThroughput", "start":"2017-10-25T15:11:26", "y" : 2 },
{ "traffic_xy_id" : 46, "className" : "trafficThroughput", "start":"2017-10-25T15:11:27", "y" : 3 },
{ "traffic_xy_id" : 47, "className" : "trafficThroughput", "start":"2017-10-25T15:11:28", "y" : 1 },
{ "traffic_xy_id" : 48, "className" : "trafficThroughput", "start":"2017-10-25T15:11:31", "y" : 1 },
{ "traffic_xy_id" : 49, "className" : "trafficThroughput", "start":"2017-10-25T15:11:37", "y" : 3 },
{ "traffic_xy_id" : 50, "className" : "trafficThroughput", "start":"2017-10-25T15:11:38", "y" : 21 },
{ "traffic_xy_id" : 51, "className" : "trafficThroughput", "start":"2017-10-25T15:11:43", "y" : 2 },
{ "traffic_xy_id" : 52, "className" : "trafficThroughput", "start":"2017-10-25T15:11:47", "y" : 2 },
{ "traffic_xy_id" : 53, "className" : "trafficThroughput", "start":"2017-10-25T15:11:57", "y" : 2 },
{ "traffic_xy_id" : 54, "className" : "trafficThroughput", "start":"2017-10-25T15:12:07", "y" : 2 },
{ "traffic_xy_id" : 55, "className" : "trafficThroughput", "start":"2017-10-25T15:12:17", "y" : 2 },
{ "traffic_xy_id" : 56, "className" : "trafficThroughput", "start":"2017-10-25T15:12:27", "y" : 2 },
{ "traffic_xy_id" : 57, "className" : "trafficThroughput", "start":"2017-10-25T15:12:37", "y" : 2 },
{ "traffic_xy_id" : 58, "className" : "trafficThroughput", "start":"2017-10-25T15:12:47", "y" : 2 },
{ "traffic_xy_id" : 59, "className" : "trafficThroughput", "start":"2017-10-25T15:12:57", "y" : 2 },
{ "traffic_xy_id" : 60, "className" : "trafficThroughput", "start":"2017-10-25T15:13:07", "y" : 2 },
{ "traffic_xy_id" : 61, "className" : "trafficThroughput", "start":"2017-10-25T15:13:17", "y" : 2 },
{ "traffic_xy_id" : 62, "className" : "trafficThroughput", "start":"2017-10-25T15:13:27", "y" : 2 },
{ "traffic_xy_id" : 63, "className" : "trafficThroughput", "start":"2017-10-25T15:13:37", "y" : 3 },
{ "traffic_xy_id" : 64, "className" : "trafficThroughput", "start":"2017-10-25T15:13:47", "y" : 2 },
{ "traffic_xy_id" : 65, "className" : "trafficThroughput", "start":"2017-10-25T15:13:57", "y" : 2 },
{ "traffic_xy_id" : 66, "className" : "trafficThroughput", "start":"2017-10-25T15:14:07", "y" : 2 },
{ "traffic_xy_id" : 67, "className" : "trafficThroughput", "start":"2017-10-25T15:14:17", "y" : 2 },
{ "traffic_xy_id" : 68, "className" : "trafficThroughput", "start":"2017-10-25T15:14:27", "y" : 2 },
{ "traffic_xy_id" : 69, "className" : "trafficThroughput", "start":"2017-10-25T15:14:37", "y" : 2 },
{ "traffic_xy_id" : 70, "className" : "trafficThroughput", "start":"2017-10-25T15:14:46", "y" : 2 },
{ "traffic_xy_id" : 71, "className" : "trafficThroughput", "start":"2017-10-25T15:14:56", "y" : 2 },
{ "traffic_xy_id" : 72, "className" : "trafficThroughput", "start":"2017-10-25T15:15:06", "y" : 2 },
{ "traffic_xy_id" : 73, "className" : "trafficThroughput", "start":"2017-10-25T15:15:16", "y" : 2 },
{ "traffic_xy_id" : 74, "className" : "trafficThroughput", "start":"2017-10-25T15:15:26", "y" : 2 },
{ "traffic_xy_id" : 75, "className" : "trafficThroughput", "start":"2017-10-25T15:15:30", "y" : 95 },
{ "traffic_xy_id" : 76, "className" : "trafficThroughput", "start":"2017-10-25T15:15:35", "y" : 28 },
{ "traffic_xy_id" : 77, "className" : "trafficThroughput", "start":"2017-10-25T15:15:36", "y" : 2 },
{ "traffic_xy_id" : 78, "className" : "trafficThroughput", "start":"2017-10-25T15:15:42", "y" : 15 },
{ "traffic_xy_id" : 79, "className" : "trafficThroughput", "start":"2017-10-25T15:15:46", "y" : 2 },
{ "traffic_xy_id" : 80, "className" : "trafficThroughput", "start":"2017-10-25T15:15:50", "y" : 2 },
{ "traffic_xy_id" : 81, "className" : "trafficThroughput", "start":"2017-10-25T15:15:56", "y" : 2 },
{ "traffic_xy_id" : 82, "className" : "trafficThroughput", "start":"2017-10-25T15:16:06", "y" : 2 },
{ "traffic_xy_id" : 83, "className" : "trafficThroughput", "start":"2017-10-25T15:16:16", "y" : 2 },
{ "traffic_xy_id" : 84, "className" : "trafficThroughput", "start":"2017-10-25T15:16:26", "y" : 2 },
{ "traffic_xy_id" : 85, "className" : "trafficThroughput", "start":"2017-10-25T15:16:36", "y" : 2 },
{ "traffic_xy_id" : 86, "className" : "trafficThroughput", "start":"2017-10-25T15:16:46", "y" : 2 },
{ "traffic_xy_id" : 87, "className" : "trafficThroughput", "start":"2017-10-25T15:16:56", "y" : 2 },
{ "traffic_xy_id" : 88, "className" : "trafficThroughput", "start":"2017-10-25T15:17:06", "y" : 2 },
{ "traffic_xy_id" : 89, "className" : "trafficThroughput", "start":"2017-10-25T15:17:16", "y" : 2 },
{ "traffic_xy_id" : 90, "className" : "trafficThroughput", "start":"2017-10-25T15:17:19", "y" : 34 },
{ "traffic_xy_id" : 91, "className" : "trafficThroughput", "start":"2017-10-25T15:17:24", "y" : 25 },
{ "traffic_xy_id" : 92, "className" : "trafficThroughput", "start":"2017-10-25T15:17:26", "y" : 2 },
{ "traffic_xy_id" : 93, "className" : "trafficThroughput", "start":"2017-10-25T15:17:30", "y" : 37 },
{ "traffic_xy_id" : 94, "className" : "trafficThroughput", "start":"2017-10-25T15:17:31", "y" : 149 },
{ "traffic_xy_id" : 95, "className" : "trafficThroughput", "start":"2017-10-25T15:17:33", "y" : 3 },
{ "traffic_xy_id" : 96, "className" : "trafficThroughput", "start":"2017-10-25T15:17:34", "y" : 3 },
{ "traffic_xy_id" : 97, "className" : "trafficThroughput", "start":"2017-10-25T15:17:35", "y" : 3 },
{ "traffic_xy_id" : 98, "className" : "trafficThroughput", "start":"2017-10-25T15:17:36", "y" : 5 },
{ "traffic_xy_id" : 99, "className" : "trafficThroughput", "start":"2017-10-25T15:17:37", "y" : 3 },
{ "traffic_xy_id" : 100, "className" : "trafficThroughput", "start":"2017-10-25T15:17:39", "y" : 3 },
{ "traffic_xy_id" : 101, "className" : "trafficThroughput", "start":"2017-10-25T15:17:40", "y" : 3 },
{ "traffic_xy_id" : 102, "className" : "trafficThroughput", "start":"2017-10-25T15:17:42", "y" : 3 },
{ "traffic_xy_id" : 103, "className" : "trafficThroughput", "start":"2017-10-25T15:17:44", "y" : 3 },
{ "traffic_xy_id" : 104, "className" : "trafficThroughput", "start":"2017-10-25T15:17:45", "y" : 4 },
{ "traffic_xy_id" : 105, "className" : "trafficThroughput", "start":"2017-10-25T15:17:47", "y" : 4 },
{ "traffic_xy_id" : 106, "className" : "trafficThroughput", "start":"2017-10-25T15:17:49", "y" : 5 },
{ "traffic_xy_id" : 107, "className" : "trafficThroughput", "start":"2017-10-25T15:17:51", "y" : 3 },
{ "traffic_xy_id" : 108, "className" : "trafficThroughput", "start":"2017-10-25T15:17:53", "y" : 4 },
{ "traffic_xy_id" : 109, "className" : "trafficThroughput", "start":"2017-10-25T15:17:56", "y" : 5 },
{ "traffic_xy_id" : 110, "className" : "trafficThroughput", "start":"2017-10-25T15:17:58", "y" : 3 },
{ "traffic_xy_id" : 111, "className" : "trafficThroughput", "start":"2017-10-25T15:18:01", "y" : 3 },
{ "traffic_xy_id" : 112, "className" : "trafficThroughput", "start":"2017-10-25T15:18:03", "y" : 3 },
{ "traffic_xy_id" : 113, "className" : "trafficThroughput", "start":"2017-10-25T15:18:06", "y" : 5 },
{ "traffic_xy_id" : 114, "className" : "trafficThroughput", "start":"2017-10-25T15:18:09", "y" : 3 },
{ "traffic_xy_id" : 115, "className" : "trafficThroughput", "start":"2017-10-25T15:18:12", "y" : 3 },
{ "traffic_xy_id" : 116, "className" : "trafficThroughput", "start":"2017-10-25T15:18:14", "y" : 5 },
{ "traffic_xy_id" : 117, "className" : "trafficThroughput", "start":"2017-10-25T15:18:16", "y" : 2 },
{ "traffic_xy_id" : 118, "className" : "trafficThroughput", "start":"2017-10-25T15:18:18", "y" : 3 },
{ "traffic_xy_id" : 119, "className" : "trafficThroughput", "start":"2017-10-25T15:18:21", "y" : 3 },
{ "traffic_xy_id" : 120, "className" : "trafficThroughput", "start":"2017-10-25T15:18:24", "y" : 3 },
{ "traffic_xy_id" : 121, "className" : "trafficThroughput", "start":"2017-10-25T15:18:26", "y" : 2 },
{ "traffic_xy_id" : 122, "className" : "trafficThroughput", "start":"2017-10-25T15:18:28", "y" : 3 },
{ "traffic_xy_id" : 123, "className" : "trafficThroughput", "start":"2017-10-25T15:18:31", "y" : 3 },
{ "traffic_xy_id" : 124, "className" : "trafficThroughput", "start":"2017-10-25T15:18:35", "y" : 3 },
{ "traffic_xy_id" : 125, "className" : "trafficThroughput", "start":"2017-10-25T15:18:36", "y" : 2 },
{ "traffic_xy_id" : 126, "className" : "trafficThroughput", "start":"2017-10-25T15:18:39", "y" : 3 },
{ "traffic_xy_id" : 127, "className" : "trafficThroughput", "start":"2017-10-25T15:18:40", "y" : 2 },
{ "traffic_xy_id" : 128, "className" : "trafficThroughput", "start":"2017-10-25T15:18:42", "y" : 3 },
{ "traffic_xy_id" : 129, "className" : "trafficThroughput", "start":"2017-10-25T15:18:46", "y" : 5 },
{ "traffic_xy_id" : 130, "className" : "trafficThroughput", "start":"2017-10-25T15:18:50", "y" : 3 },
{ "traffic_xy_id" : 131, "className" : "trafficThroughput", "start":"2017-10-25T15:18:54", "y" : 3 },
{ "traffic_xy_id" : 132, "className" : "trafficThroughput", "start":"2017-10-25T15:18:56", "y" : 2 },
{ "traffic_xy_id" : 133, "className" : "trafficThroughput", "start":"2017-10-25T15:18:58", "y" : 3 },
{ "traffic_xy_id" : 134, "className" : "trafficThroughput", "start":"2017-10-25T15:19:03", "y" : 5 },
{ "traffic_xy_id" : 135, "className" : "trafficThroughput", "start":"2017-10-25T15:19:06", "y" : 2 },
{ "traffic_xy_id" : 136, "className" : "trafficThroughput", "start":"2017-10-25T15:19:07", "y" : 3 },
{ "traffic_xy_id" : 137, "className" : "trafficThroughput", "start":"2017-10-25T15:19:12", "y" : 3 },
{ "traffic_xy_id" : 138, "className" : "trafficThroughput", "start":"2017-10-25T15:19:16", "y" : 5 },
{ "traffic_xy_id" : 139, "className" : "trafficThroughput", "start":"2017-10-25T15:19:21", "y" : 3 },
{ "traffic_xy_id" : 140, "className" : "trafficThroughput", "start":"2017-10-25T15:19:26", "y" : 5 },
{ "traffic_xy_id" : 141, "className" : "trafficThroughput", "start":"2017-10-25T15:19:31", "y" : 5 },
{ "traffic_xy_id" : 142, "className" : "trafficThroughput", "start":"2017-10-25T15:19:36", "y" : 5 },
{ "traffic_xy_id" : 143, "className" : "trafficThroughput", "start":"2017-10-25T15:19:41", "y" : 10 },
{ "traffic_xy_id" : 144, "className" : "trafficThroughput", "start":"2017-10-25T15:19:46", "y" : 12 },
{ "traffic_xy_id" : 145, "className" : "trafficThroughput", "start":"2017-10-25T15:19:51", "y" : 10 },
{ "traffic_xy_id" : 146, "className" : "trafficThroughput", "start":"2017-10-25T15:19:56", "y" : 14 },
{ "traffic_xy_id" : 147, "className" : "trafficThroughput", "start":"2017-10-25T15:20:02", "y" : 10 },
{ "traffic_xy_id" : 148, "className" : "trafficThroughput", "start":"2017-10-25T15:20:06", "y" : 2 },
{ "traffic_xy_id" : 149, "className" : "trafficThroughput", "start":"2017-10-25T15:20:08", "y" : 10 },
{ "traffic_xy_id" : 150, "className" : "trafficThroughput", "start":"2017-10-25T15:20:13", "y" : 10 },
{ "traffic_xy_id" : 151, "className" : "trafficThroughput", "start":"2017-10-25T15:20:16", "y" : 2 },
{ "traffic_xy_id" : 152, "className" : "trafficThroughput", "start":"2017-10-25T15:20:19", "y" : 10 },
{ "traffic_xy_id" : 153, "className" : "trafficThroughput", "start":"2017-10-25T15:20:24", "y" : 12 },
{ "traffic_xy_id" : 154, "className" : "trafficThroughput", "start":"2017-10-25T15:20:26", "y" : 2 },
{ "traffic_xy_id" : 155, "className" : "trafficThroughput", "start":"2017-10-25T15:20:31", "y" : 10 },
{ "traffic_xy_id" : 156, "className" : "trafficThroughput", "start":"2017-10-25T15:20:36", "y" : 5 },
{ "traffic_xy_id" : 157, "className" : "trafficThroughput", "start":"2017-10-25T15:20:37", "y" : 7 },
{ "traffic_xy_id" : 158, "className" : "trafficThroughput", "start":"2017-10-25T15:20:42", "y" : 3 },
{ "traffic_xy_id" : 159, "className" : "trafficThroughput", "start":"2017-10-25T15:20:43", "y" : 90 },
{ "traffic_xy_id" : 160, "className" : "trafficThroughput", "start":"2017-10-25T15:20:45", "y" : 5 },
{ "traffic_xy_id" : 161, "className" : "trafficThroughput", "start":"2017-10-25T15:20:46", "y" : 3 },
{ "traffic_xy_id" : 162, "className" : "trafficThroughput", "start":"2017-10-25T15:20:47", "y" : 5 },
{ "traffic_xy_id" : 163, "className" : "trafficThroughput", "start":"2017-10-25T15:20:48", "y" : 8 },
{ "traffic_xy_id" : 164, "className" : "trafficThroughput", "start":"2017-10-25T15:20:50", "y" : 39 },
{ "traffic_xy_id" : 165, "className" : "trafficThroughput", "start":"2017-10-25T15:20:51", "y" : 6 },
{ "traffic_xy_id" : 166, "className" : "trafficThroughput", "start":"2017-10-25T15:20:53", "y" : 6 },
{ "traffic_xy_id" : 167, "className" : "trafficThroughput", "start":"2017-10-25T15:20:54", "y" : 3 },
{ "traffic_xy_id" : 168, "className" : "trafficThroughput", "start":"2017-10-25T15:20:55", "y" : 4 },
{ "traffic_xy_id" : 169, "className" : "trafficThroughput", "start":"2017-10-25T15:20:57", "y" : 4 },
{ "traffic_xy_id" : 170, "className" : "trafficThroughput", "start":"2017-10-25T15:20:58", "y" : 3 },
{ "traffic_xy_id" : 171, "className" : "trafficThroughput", "start":"2017-10-25T15:21:00", "y" : 3 },
{ "traffic_xy_id" : 172, "className" : "trafficThroughput", "start":"2017-10-25T15:21:02", "y" : 3 },
{ "traffic_xy_id" : 173, "className" : "trafficThroughput", "start":"2017-10-25T15:21:03", "y" : 3 },
{ "traffic_xy_id" : 174, "className" : "trafficThroughput", "start":"2017-10-25T15:21:05", "y" : 4 },
{ "traffic_xy_id" : 175, "className" : "trafficThroughput", "start":"2017-10-25T15:21:06", "y" : 4 },
{ "traffic_xy_id" : 176, "className" : "trafficThroughput", "start":"2017-10-25T15:21:09", "y" : 5 },
{ "traffic_xy_id" : 177, "className" : "trafficThroughput", "start":"2017-10-25T15:21:12", "y" : 2 }
]