[
	{"clicks_id" : 0,
	"content" : " ",
	"type" : "point",
	"classname" : "imgPoint",
	"title" : "\/root\/ecel\/plugins\/collectors\/pykeylogger\/raw\/click_images\/1508944817.47_Navigator_root.png",
	"start" : "2017-10-25T15:20:17"
	},

	{"clicks_id" : 1,
	"content" : " ",
	"type" : "point",
	"classname" : "imgPoint",
	"title" : "\/root\/ecel\/plugins\/collectors\/pykeylogger\/raw\/click_images\/1508944869.79_ecel_gui.py_root.png",
	"start" : "2017-10-25T15:21:09"
	},

	{"clicks_id" : 2,
	"content" : " ",
	"type" : "point",
	"classname" : "imgPoint",
	"title" : "\/root\/ecel\/plugins\/collectors\/pykeylogger\/raw\/click_images\/1508944343.9_Navigator_root.png",
	"start" : "2017-10-25T15:12:23"
	},

	{"clicks_id" : 3,
	"content" : " ",
	"type" : "point",
	"classname" : "imgPoint",
	"title" : "\/root\/ecel\/plugins\/collectors\/pykeylogger\/raw\/click_images\/1508944209.68_Navigator_root.png",
	"start" : "2017-10-25T15:10:09"
	},

	{"clicks_id" : 4,
	"content" : " ",
	"type" : "point",
	"classname" : "imgPoint",
	"title" : "\/root\/ecel\/plugins\/collectors\/pykeylogger\/raw\/click_images\/1508944849.8_Navigator_root.png",
	"start" : "2017-10-25T15:20:49"
	},

	{"clicks_id" : 5,
	"content" : " ",
	"type" : "point",
	"classname" : "imgPoint",
	"title" : "\/root\/ecel\/plugins\/collectors\/pykeylogger\/raw\/click_images\/1508944847.97_Navigator_root.png",
	"start" : "2017-10-25T15:20:47"
	},

	{"clicks_id" : 6,
	"content" : " ",
	"type" : "point",
	"classname" : "imgPoint",
	"title" : "\/root\/ecel\/plugins\/collectors\/pykeylogger\/raw\/click_images\/1508944813.37_Navigator_root.png",
	"start" : "2017-10-25T15:20:13"
	},

	{"clicks_id" : 7,
	"content" : " ",
	"type" : "point",
	"classname" : "imgPoint",
	"title" : "\/root\/ecel\/plugins\/collectors\/pykeylogger\/raw\/click_images\/1508944826.53_Dialog_root.png",
	"start" : "2017-10-25T15:20:26"
	},

	{"clicks_id" : 8,
	"content" : " ",
	"type" : "point",
	"classname" : "imgPoint",
	"title" : "\/root\/ecel\/plugins\/collectors\/pykeylogger\/raw\/click_images\/1508944322.77_gnome-terminal-server_root.png",
	"start" : "2017-10-25T15:12:02"
	},

	{"clicks_id" : 9,
	"content" : " ",
	"type" : "point",
	"classname" : "imgPoint",
	"title" : "\/root\/ecel\/plugins\/collectors\/pykeylogger\/raw\/click_images\/1508944838.08_Navigator_root.png",
	"start" : "2017-10-25T15:20:38"
	},

	{"clicks_id" : 10,
	"content" : " ",
	"type" : "point",
	"classname" : "imgPoint",
	"title" : "\/root\/ecel\/plugins\/collectors\/pykeylogger\/raw\/click_images\/1508944820.06_Navigator_root.png",
	"start" : "2017-10-25T15:20:20"
	},

	{"clicks_id" : 11,
	"content" : " ",
	"type" : "point",
	"classname" : "imgPoint",
	"title" : "\/root\/ecel\/plugins\/collectors\/pykeylogger\/raw\/click_images\/1508944834.15_Dialog_root.png",
	"start" : "2017-10-25T15:20:34"
	},

	{"clicks_id" : 12,
	"content" : " ",
	"type" : "point",
	"classname" : "imgPoint",
	"title" : "\/root\/ecel\/plugins\/collectors\/pykeylogger\/raw\/click_images\/1508944358.36_Navigator_root.png",
	"start" : "2017-10-25T15:12:38"
	},

	{"clicks_id" : 13,
	"content" : " ",
	"type" : "point",
	"classname" : "imgPoint",
	"title" : "\/root\/ecel\/plugins\/collectors\/pykeylogger\/raw\/click_images\/1508944825.3_Dialog_root.png",
	"start" : "2017-10-25T15:20:25"
	},

	{"clicks_id" : 14,
	"content" : " ",
	"type" : "point",
	"classname" : "imgPoint",
	"title" : "\/root\/ecel\/plugins\/collectors\/pykeylogger\/raw\/click_images\/1508944815.59_Navigator_root.png",
	"start" : "2017-10-25T15:20:15"
	},

	{"clicks_id" : 15,
	"content" : " ",
	"type" : "point",
	"classname" : "imgPoint",
	"title" : "\/root\/ecel\/plugins\/collectors\/pykeylogger\/raw\/click_images\/1508944208.21_Navigator_root.png",
	"start" : "2017-10-25T15:10:08"
	},

	{"clicks_id" : 16,
	"content" : " ",
	"type" : "point",
	"classname" : "imgPoint",
	"title" : "\/root\/ecel\/plugins\/collectors\/pykeylogger\/raw\/click_images\/1508944342.39_Navigator_root.png",
	"start" : "2017-10-25T15:12:22"
	},

	{"clicks_id" : 17,
	"content" : " ",
	"type" : "point",
	"classname" : "imgPoint",
	"title" : "\/root\/ecel\/plugins\/collectors\/pykeylogger\/raw\/click_images\/1508944167.65_desktop_window_root.png",
	"start" : "2017-10-25T15:09:27"
	},

	{"clicks_id" : 18,
	"content" : " ",
	"type" : "point",
	"classname" : "imgPoint",
	"title" : "\/root\/ecel\/plugins\/collectors\/pykeylogger\/raw\/click_images\/1508944166.16_ecel_gui.py_root.png",
	"start" : "2017-10-25T15:09:26"
	},

	{"clicks_id" : 19,
	"content" : " ",
	"type" : "point",
	"classname" : "imgPoint",
	"title" : "\/root\/ecel\/plugins\/collectors\/pykeylogger\/raw\/click_images\/1508944821.94_Dialog_root.png",
	"start" : "2017-10-25T15:20:21"
	},

	{"clicks_id" : 20,
	"content" : " ",
	"type" : "point",
	"classname" : "imgPoint",
	"title" : "\/root\/ecel\/plugins\/collectors\/pykeylogger\/raw\/click_images\/1508944873.47_Navigator_root.png",
	"start" : "2017-10-25T15:21:13"
	},

	{"clicks_id" : 21,
	"content" : " ",
	"type" : "point",
	"classname" : "imgPoint",
	"title" : "\/root\/ecel\/plugins\/collectors\/pykeylogger\/raw\/click_images\/1508944201.03_gnome-terminal-server_root.png",
	"start" : "2017-10-25T15:10:01"
	},

	{"clicks_id" : 22,
	"content" : " ",
	"type" : "point",
	"classname" : "imgPoint",
	"title" : "\/root\/ecel\/plugins\/collectors\/pykeylogger\/raw\/click_images\/1508944324.14_Navigator_root.png",
	"start" : "2017-10-25T15:12:04"
	},

	{"clicks_id" : 23,
	"content" : " ",
	"type" : "point",
	"classname" : "imgPoint",
	"title" : "\/root\/ecel\/plugins\/collectors\/pykeylogger\/raw\/click_images\/1508944835.48_Dialog_root.png",
	"start" : "2017-10-25T15:20:35"
	}
]