[
	{"timed_id" : 0,
	"content" : " ",
	"type" : "point",
	"classname" : "imgPoint",
	"title" : "\/root\/ecel\/plugins\/collectors\/pykeylogger\/raw\/timed_screenshots\/1508944852.6_screenshot.png",
	"start" : "2017-10-25T15:20:52"
	},

	{"timed_id" : 1,
	"content" : " ",
	"type" : "point",
	"classname" : "imgPoint",
	"title" : "\/root\/ecel\/plugins\/collectors\/pykeylogger\/raw\/timed_screenshots\/1508944541.92_screenshot.png",
	"start" : "2017-10-25T15:15:41"
	},

	{"timed_id" : 2,
	"content" : " ",
	"type" : "point",
	"classname" : "imgPoint",
	"title" : "\/root\/ecel\/plugins\/collectors\/pykeylogger\/raw\/timed_screenshots\/1508944676.82_screenshot.png",
	"start" : "2017-10-25T15:17:56"
	},

	{"timed_id" : 3,
	"content" : " ",
	"type" : "point",
	"classname" : "imgPoint",
	"title" : "\/root\/ecel\/plugins\/collectors\/pykeylogger\/raw\/timed_screenshots\/1508944321.26_screenshot.png",
	"start" : "2017-10-25T15:12:01"
	},

	{"timed_id" : 4,
	"content" : " ",
	"type" : "point",
	"classname" : "imgPoint",
	"title" : "\/root\/ecel\/plugins\/collectors\/pykeylogger\/raw\/timed_screenshots\/1508944552.82_screenshot.png",
	"start" : "2017-10-25T15:15:52"
	},

	{"timed_id" : 5,
	"content" : " ",
	"type" : "point",
	"classname" : "imgPoint",
	"title" : "\/root\/ecel\/plugins\/collectors\/pykeylogger\/raw\/timed_screenshots\/1508944362.9_screenshot.png",
	"start" : "2017-10-25T15:12:42"
	},

	{"timed_id" : 6,
	"content" : " ",
	"type" : "point",
	"classname" : "imgPoint",
	"title" : "\/root\/ecel\/plugins\/collectors\/pykeylogger\/raw\/timed_screenshots\/1508944798.64_screenshot.png",
	"start" : "2017-10-25T15:19:58"
	},

	{"timed_id" : 7,
	"content" : " ",
	"type" : "point",
	"classname" : "imgPoint",
	"title" : "\/root\/ecel\/plugins\/collectors\/pykeylogger\/raw\/timed_screenshots\/1508944471.46_screenshot.png",
	"start" : "2017-10-25T15:14:31"
	},

	{"timed_id" : 8,
	"content" : " ",
	"type" : "point",
	"classname" : "imgPoint",
	"title" : "\/root\/ecel\/plugins\/collectors\/pykeylogger\/raw\/timed_screenshots\/1508944173.3_screenshot.png",
	"start" : "2017-10-25T15:09:33"
	},

	{"timed_id" : 9,
	"content" : " ",
	"type" : "point",
	"classname" : "imgPoint",
	"title" : "\/root\/ecel\/plugins\/collectors\/pykeylogger\/raw\/timed_screenshots\/1508944597.08_screenshot.png",
	"start" : "2017-10-25T15:16:37"
	},

	{"timed_id" : 10,
	"content" : " ",
	"type" : "point",
	"classname" : "imgPoint",
	"title" : "\/root\/ecel\/plugins\/collectors\/pykeylogger\/raw\/timed_screenshots\/1508944183.84_screenshot.png",
	"start" : "2017-10-25T15:09:43"
	},

	{"timed_id" : 11,
	"content" : " ",
	"type" : "point",
	"classname" : "imgPoint",
	"title" : "\/root\/ecel\/plugins\/collectors\/pykeylogger\/raw\/timed_screenshots\/1508944862.83_screenshot.png",
	"start" : "2017-10-25T15:21:02"
	},

	{"timed_id" : 12,
	"content" : " ",
	"type" : "point",
	"classname" : "imgPoint",
	"title" : "\/root\/ecel\/plugins\/collectors\/pykeylogger\/raw\/timed_screenshots\/1508944787.81_screenshot.png",
	"start" : "2017-10-25T15:19:47"
	},

	{"timed_id" : 13,
	"content" : " ",
	"type" : "point",
	"classname" : "imgPoint",
	"title" : "\/root\/ecel\/plugins\/collectors\/pykeylogger\/raw\/timed_screenshots\/1508944607.93_screenshot.png",
	"start" : "2017-10-25T15:16:47"
	},

	{"timed_id" : 14,
	"content" : " ",
	"type" : "point",
	"classname" : "imgPoint",
	"title" : "\/root\/ecel\/plugins\/collectors\/pykeylogger\/raw\/timed_screenshots\/1508944665.97_screenshot.png",
	"start" : "2017-10-25T15:17:45"
	},

	{"timed_id" : 15,
	"content" : " ",
	"type" : "point",
	"classname" : "imgPoint",
	"title" : "\/root\/ecel\/plugins\/collectors\/pykeylogger\/raw\/timed_screenshots\/1508944687.67_screenshot.png",
	"start" : "2017-10-25T15:18:07"
	},

	{"timed_id" : 16,
	"content" : " ",
	"type" : "point",
	"classname" : "imgPoint",
	"title" : "\/root\/ecel\/plugins\/collectors\/pykeylogger\/raw\/timed_screenshots\/1508944842.28_screenshot.png",
	"start" : "2017-10-25T15:20:42"
	},

	{"timed_id" : 17,
	"content" : " ",
	"type" : "point",
	"classname" : "imgPoint",
	"title" : "\/root\/ecel\/plugins\/collectors\/pykeylogger\/raw\/timed_screenshots\/1508944194.39_screenshot.png",
	"start" : "2017-10-25T15:09:54"
	},

	{"timed_id" : 18,
	"content" : " ",
	"type" : "point",
	"classname" : "imgPoint",
	"title" : "\/root\/ecel\/plugins\/collectors\/pykeylogger\/raw\/timed_screenshots\/1508944498.6_screenshot.png",
	"start" : "2017-10-25T15:14:58"
	},

	{"timed_id" : 19,
	"content" : " ",
	"type" : "point",
	"classname" : "imgPoint",
	"title" : "\/root\/ecel\/plugins\/collectors\/pykeylogger\/raw\/timed_screenshots\/1508944246.27_screenshot.png",
	"start" : "2017-10-25T15:10:46"
	},

	{"timed_id" : 20,
	"content" : " ",
	"type" : "point",
	"classname" : "imgPoint",
	"title" : "\/root\/ecel\/plugins\/collectors\/pykeylogger\/raw\/timed_screenshots\/1508944820.71_screenshot.png",
	"start" : "2017-10-25T15:20:20"
	},

	{"timed_id" : 21,
	"content" : " ",
	"type" : "point",
	"classname" : "imgPoint",
	"title" : "\/root\/ecel\/plugins\/collectors\/pykeylogger\/raw\/timed_screenshots\/1508944531.1_screenshot.png",
	"start" : "2017-10-25T15:15:31"
	},

	{"timed_id" : 22,
	"content" : " ",
	"type" : "point",
	"classname" : "imgPoint",
	"title" : "\/root\/ecel\/plugins\/collectors\/pykeylogger\/raw\/timed_screenshots\/1508944698.51_screenshot.png",
	"start" : "2017-10-25T15:18:18"
	},

	{"timed_id" : 23,
	"content" : " ",
	"type" : "point",
	"classname" : "imgPoint",
	"title" : "\/root\/ecel\/plugins\/collectors\/pykeylogger\/raw\/timed_screenshots\/1508944215.61_screenshot.png",
	"start" : "2017-10-25T15:10:15"
	},

	{"timed_id" : 24,
	"content" : " ",
	"type" : "point",
	"classname" : "imgPoint",
	"title" : "\/root\/ecel\/plugins\/collectors\/pykeylogger\/raw\/timed_screenshots\/1508944873.21_screenshot.png",
	"start" : "2017-10-25T15:21:13"
	},

	{"timed_id" : 25,
	"content" : " ",
	"type" : "point",
	"classname" : "imgPoint",
	"title" : "\/root\/ecel\/plugins\/collectors\/pykeylogger\/raw\/timed_screenshots\/1508944331.72_screenshot.png",
	"start" : "2017-10-25T15:12:11"
	},

	{"timed_id" : 26,
	"content" : " ",
	"type" : "point",
	"classname" : "imgPoint",
	"title" : "\/root\/ecel\/plugins\/collectors\/pykeylogger\/raw\/timed_screenshots\/1508944655.11_screenshot.png",
	"start" : "2017-10-25T15:17:35"
	},

	{"timed_id" : 27,
	"content" : " ",
	"type" : "point",
	"classname" : "imgPoint",
	"title" : "\/root\/ecel\/plugins\/collectors\/pykeylogger\/raw\/timed_screenshots\/1508944352.37_screenshot.png",
	"start" : "2017-10-25T15:12:32"
	},

	{"timed_id" : 28,
	"content" : " ",
	"type" : "point",
	"classname" : "imgPoint",
	"title" : "\/root\/ecel\/plugins\/collectors\/pykeylogger\/raw\/timed_screenshots\/1508944236.04_screenshot.png",
	"start" : "2017-10-25T15:10:36"
	},

	{"timed_id" : 29,
	"content" : " ",
	"type" : "point",
	"classname" : "imgPoint",
	"title" : "\/root\/ecel\/plugins\/collectors\/pykeylogger\/raw\/timed_screenshots\/1508944225.82_screenshot.png",
	"start" : "2017-10-25T15:10:25"
	},

	{"timed_id" : 30,
	"content" : " ",
	"type" : "point",
	"classname" : "imgPoint",
	"title" : "\/root\/ecel\/plugins\/collectors\/pykeylogger\/raw\/timed_screenshots\/1508944205.08_screenshot.png",
	"start" : "2017-10-25T15:10:05"
	},

	{"timed_id" : 31,
	"content" : " ",
	"type" : "point",
	"classname" : "imgPoint",
	"title" : "\/root\/ecel\/plugins\/collectors\/pykeylogger\/raw\/timed_screenshots\/1508944342.07_screenshot.png",
	"start" : "2017-10-25T15:12:22"
	},

	{"timed_id" : 32,
	"content" : " ",
	"type" : "point",
	"classname" : "imgPoint",
	"title" : "\/root\/ecel\/plugins\/collectors\/pykeylogger\/raw\/timed_screenshots\/1508944629.59_screenshot.png",
	"start" : "2017-10-25T15:17:09"
	},

	{"timed_id" : 33,
	"content" : " ",
	"type" : "point",
	"classname" : "imgPoint",
	"title" : "\/root\/ecel\/plugins\/collectors\/pykeylogger\/raw\/timed_screenshots\/1508944576.93_screenshot.png",
	"start" : "2017-10-25T15:16:16"
	},

	{"timed_id" : 34,
	"content" : " ",
	"type" : "point",
	"classname" : "imgPoint",
	"title" : "\/root\/ecel\/plugins\/collectors\/pykeylogger\/raw\/timed_screenshots\/1508944373.53_screenshot.png",
	"start" : "2017-10-25T15:12:53"
	},

	{"timed_id" : 35,
	"content" : " ",
	"type" : "point",
	"classname" : "imgPoint",
	"title" : "\/root\/ecel\/plugins\/collectors\/pykeylogger\/raw\/timed_screenshots\/1508944809.51_screenshot.png",
	"start" : "2017-10-25T15:20:09"
	},

	{"timed_id" : 36,
	"content" : " ",
	"type" : "point",
	"classname" : "imgPoint",
	"title" : "\/root\/ecel\/plugins\/collectors\/pykeylogger\/raw\/timed_screenshots\/1508944640.45_screenshot.png",
	"start" : "2017-10-25T15:17:20"
	},

	{"timed_id" : 37,
	"content" : " ",
	"type" : "point",
	"classname" : "imgPoint",
	"title" : "\/root\/ecel\/plugins\/collectors\/pykeylogger\/raw\/timed_screenshots\/1508944520.26_screenshot.png",
	"start" : "2017-10-25T15:15:20"
	},

	{"timed_id" : 38,
	"content" : " ",
	"type" : "point",
	"classname" : "imgPoint",
	"title" : "\/root\/ecel\/plugins\/collectors\/pykeylogger\/raw\/timed_screenshots\/1508944566.09_screenshot.png",
	"start" : "2017-10-25T15:16:06"
	},

	{"timed_id" : 39,
	"content" : " ",
	"type" : "point",
	"classname" : "imgPoint",
	"title" : "\/root\/ecel\/plugins\/collectors\/pykeylogger\/raw\/timed_screenshots\/1508944831.79_screenshot.png",
	"start" : "2017-10-25T15:20:31"
	},

	{"timed_id" : 40,
	"content" : " ",
	"type" : "point",
	"classname" : "imgPoint",
	"title" : "\/root\/ecel\/plugins\/collectors\/pykeylogger\/raw\/timed_screenshots\/1508944482.33_screenshot.png",
	"start" : "2017-10-25T15:14:42"
	},

	{"timed_id" : 41,
	"content" : " ",
	"type" : "point",
	"classname" : "imgPoint",
	"title" : "\/root\/ecel\/plugins\/collectors\/pykeylogger\/raw\/timed_screenshots\/1508944509.41_screenshot.png",
	"start" : "2017-10-25T15:15:09"
	},

	{"timed_id" : 42,
	"content" : " ",
	"type" : "point",
	"classname" : "imgPoint",
	"title" : "\/root\/ecel\/plugins\/collectors\/pykeylogger\/raw\/timed_screenshots\/1508944618.78_screenshot.png",
	"start" : "2017-10-25T15:16:58"
	}
]
