[
	{"clicks_id" : 0,
	"content" : " ",
	"type" : "point",
	"classname" : "imgPoint",
	"title" : "\/root\/ecel\/plugins\/collectors\/pykeylogger\/raw\/click_images\/1508953323.62_gnome-terminal-server_root.png",
	"start" : "2017-10-25T17:42:03"
	},

	{"clicks_id" : 1,
	"content" : " ",
	"type" : "point",
	"classname" : "imgPoint",
	"title" : "\/root\/ecel\/plugins\/collectors\/pykeylogger\/raw\/click_images\/1508953749.63_Navigator_root.png",
	"start" : "2017-10-25T17:49:09"
	},

	{"clicks_id" : 2,
	"content" : " ",
	"type" : "point",
	"classname" : "imgPoint",
	"title" : "\/root\/ecel\/plugins\/collectors\/pykeylogger\/raw\/click_images\/1508953718.08_Navigator_root.png",
	"start" : "2017-10-25T17:48:38"
	},

	{"clicks_id" : 3,
	"content" : " ",
	"type" : "point",
	"classname" : "imgPoint",
	"title" : "\/root\/ecel\/plugins\/collectors\/pykeylogger\/raw\/click_images\/1508953286.12_desktop_window_root.png",
	"start" : "2017-10-25T17:41:26"
	},

	{"clicks_id" : 4,
	"content" : " ",
	"type" : "point",
	"classname" : "imgPoint",
	"title" : "\/root\/ecel\/plugins\/collectors\/pykeylogger\/raw\/click_images\/1508953772.72_ecel_gui.py_root.png",
	"start" : "2017-10-25T17:49:32"
	},

	{"clicks_id" : 5,
	"content" : " ",
	"type" : "point",
	"classname" : "imgPoint",
	"title" : "\/root\/ecel\/plugins\/collectors\/pykeylogger\/raw\/click_images\/1508953287.44_gnome-terminal-server_root.png",
	"start" : "2017-10-25T17:41:27"
	},

	{"clicks_id" : 6,
	"content" : " ",
	"type" : "point",
	"classname" : "imgPoint",
	"title" : "\/root\/ecel\/plugins\/collectors\/pykeylogger\/raw\/click_images\/1508953775.45_Navigator_root.png",
	"start" : "2017-10-25T17:49:35"
	},

	{"clicks_id" : 7,
	"content" : " ",
	"type" : "point",
	"classname" : "imgPoint",
	"title" : "\/root\/ecel\/plugins\/collectors\/pykeylogger\/raw\/click_images\/1508953733.66_Dialog_root.png",
	"start" : "2017-10-25T17:48:53"
	},

	{"clicks_id" : 8,
	"content" : " ",
	"type" : "point",
	"classname" : "imgPoint",
	"title" : "\/root\/ecel\/plugins\/collectors\/pykeylogger\/raw\/click_images\/1508953710.23_Navigator_root.png",
	"start" : "2017-10-25T17:48:30"
	},

	{"clicks_id" : 9,
	"content" : " ",
	"type" : "point",
	"classname" : "imgPoint",
	"title" : "\/root\/ecel\/plugins\/collectors\/pykeylogger\/raw\/click_images\/1508953713.63_Navigator_root.png",
	"start" : "2017-10-25T17:48:33"
	},

	{"clicks_id" : 10,
	"content" : " ",
	"type" : "point",
	"classname" : "imgPoint",
	"title" : "\/root\/ecel\/plugins\/collectors\/pykeylogger\/raw\/click_images\/1508953716.18_Navigator_root.png",
	"start" : "2017-10-25T17:48:36"
	},

	{"clicks_id" : 11,
	"content" : " ",
	"type" : "point",
	"classname" : "imgPoint",
	"title" : "\/root\/ecel\/plugins\/collectors\/pykeylogger\/raw\/click_images\/1508953396.76_Navigator_root.png",
	"start" : "2017-10-25T17:43:16"
	},

	{"clicks_id" : 12,
	"content" : " ",
	"type" : "point",
	"classname" : "imgPoint",
	"title" : "\/root\/ecel\/plugins\/collectors\/pykeylogger\/raw\/click_images\/1508953720.69_Dialog_root.png",
	"start" : "2017-10-25T17:48:40"
	},

	{"clicks_id" : 13,
	"content" : " ",
	"type" : "point",
	"classname" : "imgPoint",
	"title" : "\/root\/ecel\/plugins\/collectors\/pykeylogger\/raw\/click_images\/1508953747.62_Navigator_root.png",
	"start" : "2017-10-25T17:49:07"
	},

	{"clicks_id" : 14,
	"content" : " ",
	"type" : "point",
	"classname" : "imgPoint",
	"title" : "\/root\/ecel\/plugins\/collectors\/pykeylogger\/raw\/click_images\/1508953735.03_Dialog_root.png",
	"start" : "2017-10-25T17:48:55"
	},

	{"clicks_id" : 15,
	"content" : " ",
	"type" : "point",
	"classname" : "imgPoint",
	"title" : "\/root\/ecel\/plugins\/collectors\/pykeylogger\/raw\/click_images\/1508953736.37_Navigator_root.png",
	"start" : "2017-10-25T17:48:56"
	},

	{"clicks_id" : 16,
	"content" : " ",
	"type" : "point",
	"classname" : "imgPoint",
	"title" : "\/root\/ecel\/plugins\/collectors\/pykeylogger\/raw\/click_images\/1508953327.39_Navigator_root.png",
	"start" : "2017-10-25T17:42:07"
	},

	{"clicks_id" : 17,
	"content" : " ",
	"type" : "point",
	"classname" : "imgPoint",
	"title" : "\/root\/ecel\/plugins\/collectors\/pykeylogger\/raw\/click_images\/1508953719.42_Navigator_root.png",
	"start" : "2017-10-25T17:48:39"
	},

	{"clicks_id" : 18,
	"content" : " ",
	"type" : "point",
	"classname" : "imgPoint",
	"title" : "\/root\/ecel\/plugins\/collectors\/pykeylogger\/raw\/click_images\/1508953284.51_ecel_gui.py_root.png",
	"start" : "2017-10-25T17:41:24"
	},

	{"clicks_id" : 19,
	"content" : " ",
	"type" : "point",
	"classname" : "imgPoint",
	"title" : "\/root\/ecel\/plugins\/collectors\/pykeylogger\/raw\/click_images\/1508953722.01_Dialog_root.png",
	"start" : "2017-10-25T17:48:42"
	}
]