[
	{"timed_id" : 0,
	"content" : " ",
	"type" : "point",
	"classname" : "imgPoint",
	"title" : "\/root\/ecel\/plugins\/collectors\/pykeylogger\/raw\/timed_screenshots\/1508953554.28_screenshot.png",
	"start" : "2017-10-25T17:45:54"
	},

	{"timed_id" : 1,
	"content" : " ",
	"type" : "point",
	"classname" : "imgPoint",
	"title" : "\/root\/ecel\/plugins\/collectors\/pykeylogger\/raw\/timed_screenshots\/1508953679.47_screenshot.png",
	"start" : "2017-10-25T17:47:59"
	},

	{"timed_id" : 2,
	"content" : " ",
	"type" : "point",
	"classname" : "imgPoint",
	"title" : "\/root\/ecel\/plugins\/collectors\/pykeylogger\/raw\/timed_screenshots\/1508953376.24_screenshot.png",
	"start" : "2017-10-25T17:42:56"
	},

	{"timed_id" : 3,
	"content" : " ",
	"type" : "point",
	"classname" : "imgPoint",
	"title" : "\/root\/ecel\/plugins\/collectors\/pykeylogger\/raw\/timed_screenshots\/1508953773.52_screenshot.png",
	"start" : "2017-10-25T17:49:33"
	},

	{"timed_id" : 4,
	"content" : " ",
	"type" : "point",
	"classname" : "imgPoint",
	"title" : "\/root\/ecel\/plugins\/collectors\/pykeylogger\/raw\/timed_screenshots\/1508953443.86_screenshot.png",
	"start" : "2017-10-25T17:44:03"
	},

	{"timed_id" : 5,
	"content" : " ",
	"type" : "point",
	"classname" : "imgPoint",
	"title" : "\/root\/ecel\/plugins\/collectors\/pykeylogger\/raw\/timed_screenshots\/1508953731.8_screenshot.png",
	"start" : "2017-10-25T17:48:51"
	},

	{"timed_id" : 6,
	"content" : " ",
	"type" : "point",
	"classname" : "imgPoint",
	"title" : "\/root\/ecel\/plugins\/collectors\/pykeylogger\/raw\/timed_screenshots\/1508953689.71_screenshot.png",
	"start" : "2017-10-25T17:48:09"
	},

	{"timed_id" : 7,
	"content" : " ",
	"type" : "point",
	"classname" : "imgPoint",
	"title" : "\/root\/ecel\/plugins\/collectors\/pykeylogger\/raw\/timed_screenshots\/1508953638.52_screenshot.png",
	"start" : "2017-10-25T17:47:18"
	},

	{"timed_id" : 8,
	"content" : " ",
	"type" : "point",
	"classname" : "imgPoint",
	"title" : "\/root\/ecel\/plugins\/collectors\/pykeylogger\/raw\/timed_screenshots\/1508953564.54_screenshot.png",
	"start" : "2017-10-25T17:46:04"
	},

	{"timed_id" : 9,
	"content" : " ",
	"type" : "point",
	"classname" : "imgPoint",
	"title" : "\/root\/ecel\/plugins\/collectors\/pykeylogger\/raw\/timed_screenshots\/1508953699.96_screenshot.png",
	"start" : "2017-10-25T17:48:19"
	},

	{"timed_id" : 10,
	"content" : " ",
	"type" : "point",
	"classname" : "imgPoint",
	"title" : "\/root\/ecel\/plugins\/collectors\/pykeylogger\/raw\/timed_screenshots\/1508953669.23_screenshot.png",
	"start" : "2017-10-25T17:47:49"
	},

	{"timed_id" : 11,
	"content" : " ",
	"type" : "point",
	"classname" : "imgPoint",
	"title" : "\/root\/ecel\/plugins\/collectors\/pykeylogger\/raw\/timed_screenshots\/1508953355.82_screenshot.png",
	"start" : "2017-10-25T17:42:35"
	},

	{"timed_id" : 12,
	"content" : " ",
	"type" : "point",
	"classname" : "imgPoint",
	"title" : "\/root\/ecel\/plugins\/collectors\/pykeylogger\/raw\/timed_screenshots\/1508953413.75_screenshot.png",
	"start" : "2017-10-25T17:43:33"
	},

	{"timed_id" : 13,
	"content" : " ",
	"type" : "point",
	"classname" : "imgPoint",
	"title" : "\/root\/ecel\/plugins\/collectors\/pykeylogger\/raw\/timed_screenshots\/1508953615.77_screenshot.png",
	"start" : "2017-10-25T17:46:55"
	},

	{"timed_id" : 14,
	"content" : " ",
	"type" : "point",
	"classname" : "imgPoint",
	"title" : "\/root\/ecel\/plugins\/collectors\/pykeylogger\/raw\/timed_screenshots\/1508953324.88_screenshot.png",
	"start" : "2017-10-25T17:42:04"
	},

	{"timed_id" : 15,
	"content" : " ",
	"type" : "point",
	"classname" : "imgPoint",
	"title" : "\/root\/ecel\/plugins\/collectors\/pykeylogger\/raw\/timed_screenshots\/1508953742.42_screenshot.png",
	"start" : "2017-10-25T17:49:02"
	},

	{"timed_id" : 16,
	"content" : " ",
	"type" : "point",
	"classname" : "imgPoint",
	"title" : "\/root\/ecel\/plugins\/collectors\/pykeylogger\/raw\/timed_screenshots\/1508953345.59_screenshot.png",
	"start" : "2017-10-25T17:42:25"
	},

	{"timed_id" : 17,
	"content" : " ",
	"type" : "point",
	"classname" : "imgPoint",
	"title" : "\/root\/ecel\/plugins\/collectors\/pykeylogger\/raw\/timed_screenshots\/1508953461.63_screenshot.png",
	"start" : "2017-10-25T17:44:21"
	},

	{"timed_id" : 18,
	"content" : " ",
	"type" : "point",
	"classname" : "imgPoint",
	"title" : "\/root\/ecel\/plugins\/collectors\/pykeylogger\/raw\/timed_screenshots\/1508953574.8_screenshot.png",
	"start" : "2017-10-25T17:46:14"
	},

	{"timed_id" : 19,
	"content" : " ",
	"type" : "point",
	"classname" : "imgPoint",
	"title" : "\/root\/ecel\/plugins\/collectors\/pykeylogger\/raw\/timed_screenshots\/1508953313.95_screenshot.png",
	"start" : "2017-10-25T17:41:53"
	},

	{"timed_id" : 20,
	"content" : " ",
	"type" : "point",
	"classname" : "imgPoint",
	"title" : "\/root\/ecel\/plugins\/collectors\/pykeylogger\/raw\/timed_screenshots\/1508953335.34_screenshot.png",
	"start" : "2017-10-25T17:42:15"
	},

	{"timed_id" : 21,
	"content" : " ",
	"type" : "point",
	"classname" : "imgPoint",
	"title" : "\/root\/ecel\/plugins\/collectors\/pykeylogger\/raw\/timed_screenshots\/1508953512.78_screenshot.png",
	"start" : "2017-10-25T17:45:12"
	},

	{"timed_id" : 22,
	"content" : " ",
	"type" : "point",
	"classname" : "imgPoint",
	"title" : "\/root\/ecel\/plugins\/collectors\/pykeylogger\/raw\/timed_screenshots\/1508953393.12_screenshot.png",
	"start" : "2017-10-25T17:43:13"
	},

	{"timed_id" : 23,
	"content" : " ",
	"type" : "point",
	"classname" : "imgPoint",
	"title" : "\/root\/ecel\/plugins\/collectors\/pykeylogger\/raw\/timed_screenshots\/1508953659.01_screenshot.png",
	"start" : "2017-10-25T17:47:39"
	},

	{"timed_id" : 24,
	"content" : " ",
	"type" : "point",
	"classname" : "imgPoint",
	"title" : "\/root\/ecel\/plugins\/collectors\/pykeylogger\/raw\/timed_screenshots\/1508953763.21_screenshot.png",
	"start" : "2017-10-25T17:49:23"
	},

	{"timed_id" : 25,
	"content" : " ",
	"type" : "point",
	"classname" : "imgPoint",
	"title" : "\/root\/ecel\/plugins\/collectors\/pykeylogger\/raw\/timed_screenshots\/1508953595.26_screenshot.png",
	"start" : "2017-10-25T17:46:35"
	},

	{"timed_id" : 26,
	"content" : " ",
	"type" : "point",
	"classname" : "imgPoint",
	"title" : "\/root\/ecel\/plugins\/collectors\/pykeylogger\/raw\/timed_screenshots\/1508953366.03_screenshot.png",
	"start" : "2017-10-25T17:42:46"
	},

	{"timed_id" : 27,
	"content" : " ",
	"type" : "point",
	"classname" : "imgPoint",
	"title" : "\/root\/ecel\/plugins\/collectors\/pykeylogger\/raw\/timed_screenshots\/1508953433.63_screenshot.png",
	"start" : "2017-10-25T17:43:53"
	},

	{"timed_id" : 28,
	"content" : " ",
	"type" : "point",
	"classname" : "imgPoint",
	"title" : "\/root\/ecel\/plugins\/collectors\/pykeylogger\/raw\/timed_screenshots\/1508953292.23_screenshot.png",
	"start" : "2017-10-25T17:41:32"
	},

	{"timed_id" : 29,
	"content" : " ",
	"type" : "point",
	"classname" : "imgPoint",
	"title" : "\/root\/ecel\/plugins\/collectors\/pykeylogger\/raw\/timed_screenshots\/1508953403.52_screenshot.png",
	"start" : "2017-10-25T17:43:23"
	},

	{"timed_id" : 30,
	"content" : " ",
	"type" : "point",
	"classname" : "imgPoint",
	"title" : "\/root\/ecel\/plugins\/collectors\/pykeylogger\/raw\/timed_screenshots\/1508953544.02_screenshot.png",
	"start" : "2017-10-25T17:45:44"
	},

	{"timed_id" : 31,
	"content" : " ",
	"type" : "point",
	"classname" : "imgPoint",
	"title" : "\/root\/ecel\/plugins\/collectors\/pykeylogger\/raw\/timed_screenshots\/1508953471.88_screenshot.png",
	"start" : "2017-10-25T17:44:31"
	},

	{"timed_id" : 32,
	"content" : " ",
	"type" : "point",
	"classname" : "imgPoint",
	"title" : "\/root\/ecel\/plugins\/collectors\/pykeylogger\/raw\/timed_screenshots\/1508953626.01_screenshot.png",
	"start" : "2017-10-25T17:47:06"
	},

	{"timed_id" : 33,
	"content" : " ",
	"type" : "point",
	"classname" : "imgPoint",
	"title" : "\/root\/ecel\/plugins\/collectors\/pykeylogger\/raw\/timed_screenshots\/1508953605.53_screenshot.png",
	"start" : "2017-10-25T17:46:45"
	},

	{"timed_id" : 34,
	"content" : " ",
	"type" : "point",
	"classname" : "imgPoint",
	"title" : "\/root\/ecel\/plugins\/collectors\/pykeylogger\/raw\/timed_screenshots\/1508953721.19_screenshot.png",
	"start" : "2017-10-25T17:48:41"
	},

	{"timed_id" : 35,
	"content" : " ",
	"type" : "point",
	"classname" : "imgPoint",
	"title" : "\/root\/ecel\/plugins\/collectors\/pykeylogger\/raw\/timed_screenshots\/1508953648.77_screenshot.png",
	"start" : "2017-10-25T17:47:28"
	},

	{"timed_id" : 36,
	"content" : " ",
	"type" : "point",
	"classname" : "imgPoint",
	"title" : "\/root\/ecel\/plugins\/collectors\/pykeylogger\/raw\/timed_screenshots\/1508953303.1_screenshot.png",
	"start" : "2017-10-25T17:41:43"
	},

	{"timed_id" : 37,
	"content" : " ",
	"type" : "point",
	"classname" : "imgPoint",
	"title" : "\/root\/ecel\/plugins\/collectors\/pykeylogger\/raw\/timed_screenshots\/1508953710.37_screenshot.png",
	"start" : "2017-10-25T17:48:30"
	},

	{"timed_id" : 38,
	"content" : " ",
	"type" : "point",
	"classname" : "imgPoint",
	"title" : "\/root\/ecel\/plugins\/collectors\/pykeylogger\/raw\/timed_screenshots\/1508953585.04_screenshot.png",
	"start" : "2017-10-25T17:46:25"
	},

	{"timed_id" : 39,
	"content" : " ",
	"type" : "point",
	"classname" : "imgPoint",
	"title" : "\/root\/ecel\/plugins\/collectors\/pykeylogger\/raw\/timed_screenshots\/1508953753.0_screenshot.png",
	"start" : "2017-10-25T17:49:13"
	},

	{"timed_id" : 40,
	"content" : " ",
	"type" : "point",
	"classname" : "imgPoint",
	"title" : "\/root\/ecel\/plugins\/collectors\/pykeylogger\/raw\/timed_screenshots\/1508953482.1_screenshot.png",
	"start" : "2017-10-25T17:44:42"
	},

	{"timed_id" : 41,
	"content" : " ",
	"type" : "point",
	"classname" : "imgPoint",
	"title" : "\/root\/ecel\/plugins\/collectors\/pykeylogger\/raw\/timed_screenshots\/1508953502.56_screenshot.png",
	"start" : "2017-10-25T17:45:02"
	},

	{"timed_id" : 42,
	"content" : " ",
	"type" : "point",
	"classname" : "imgPoint",
	"title" : "\/root\/ecel\/plugins\/collectors\/pykeylogger\/raw\/timed_screenshots\/1508953492.33_screenshot.png",
	"start" : "2017-10-25T17:44:52"
	}
]
