[
	{"clicks_id" : 0,
	"content" : " ",
	"type" : "point",
	"classname" : "imgPoint",
	"title" : "\/root\/ecel\/plugins\/collectors\/pykeylogger\/raw\/click_images\/1508879112.44_Navigator_root.png",
	"start" : "2017-10-24T21:05:12"
	},

	{"clicks_id" : 1,
	"content" : " ",
	"type" : "point",
	"classname" : "imgPoint",
	"title" : "\/root\/ecel\/plugins\/collectors\/pykeylogger\/raw\/click_images\/1508879035.1_gnome-terminal-server_root.png",
	"start" : "2017-10-24T21:03:55"
	},

	{"clicks_id" : 2,
	"content" : " ",
	"type" : "point",
	"classname" : "imgPoint",
	"title" : "\/root\/ecel\/plugins\/collectors\/pykeylogger\/raw\/click_images\/1508879063.12_loki.py_root.png",
	"start" : "2017-10-24T21:04:23"
	},

	{"clicks_id" : 3,
	"content" : " ",
	"type" : "point",
	"classname" : "imgPoint",
	"title" : "\/root\/ecel\/plugins\/collectors\/pykeylogger\/raw\/click_images\/1508879064.4_loki.py_root.png",
	"start" : "2017-10-24T21:04:24"
	},

	{"clicks_id" : 4,
	"content" : " ",
	"type" : "point",
	"classname" : "imgPoint",
	"title" : "\/root\/ecel\/plugins\/collectors\/pykeylogger\/raw\/click_images\/1508879039.03_Navigator_root.png",
	"start" : "2017-10-24T21:03:59"
	},

	{"clicks_id" : 5,
	"content" : " ",
	"type" : "point",
	"classname" : "imgPoint",
	"title" : "\/root\/ecel\/plugins\/collectors\/pykeylogger\/raw\/click_images\/1508879089.96_gnome-terminal-server_root.png",
	"start" : "2017-10-24T21:04:49"
	},

	{"clicks_id" : 6,
	"content" : " ",
	"type" : "point",
	"classname" : "imgPoint",
	"title" : "\/root\/ecel\/plugins\/collectors\/pykeylogger\/raw\/click_images\/1508878991.28_wireshark_root.png",
	"start" : "2017-10-24T21:03:11"
	},

	{"clicks_id" : 7,
	"content" : " ",
	"type" : "point",
	"classname" : "imgPoint",
	"title" : "\/root\/ecel\/plugins\/collectors\/pykeylogger\/raw\/click_images\/1508879065.69_loki.py_root.png",
	"start" : "2017-10-24T21:04:25"
	},

	{"clicks_id" : 8,
	"content" : " ",
	"type" : "point",
	"classname" : "imgPoint",
	"title" : "\/root\/ecel\/plugins\/collectors\/pykeylogger\/raw\/click_images\/1508878966.09_wireshark_root.png",
	"start" : "2017-10-24T21:02:46"
	},

	{"clicks_id" : 9,
	"content" : " ",
	"type" : "point",
	"classname" : "imgPoint",
	"title" : "\/root\/ecel\/plugins\/collectors\/pykeylogger\/raw\/click_images\/1508878957.5_desktop_window_root.png",
	"start" : "2017-10-24T21:02:37"
	},

	{"clicks_id" : 10,
	"content" : " ",
	"type" : "point",
	"classname" : "imgPoint",
	"title" : "\/root\/ecel\/plugins\/collectors\/pykeylogger\/raw\/click_images\/1508879061.66_loki.py_root.png",
	"start" : "2017-10-24T21:04:21"
	},

	{"clicks_id" : 11,
	"content" : " ",
	"type" : "point",
	"classname" : "imgPoint",
	"title" : "\/root\/ecel\/plugins\/collectors\/pykeylogger\/raw\/click_images\/1508878992.57_wireshark_root.png",
	"start" : "2017-10-24T21:03:12"
	},

	{"clicks_id" : 12,
	"content" : " ",
	"type" : "point",
	"classname" : "imgPoint",
	"title" : "\/root\/ecel\/plugins\/collectors\/pykeylogger\/raw\/click_images\/1508879145.73_wireshark_root.png",
	"start" : "2017-10-24T21:05:45"
	},

	{"clicks_id" : 13,
	"content" : " ",
	"type" : "point",
	"classname" : "imgPoint",
	"title" : "\/root\/ecel\/plugins\/collectors\/pykeylogger\/raw\/click_images\/1508878995.11_wireshark_root.png",
	"start" : "2017-10-24T21:03:15"
	},

	{"clicks_id" : 14,
	"content" : " ",
	"type" : "point",
	"classname" : "imgPoint",
	"title" : "\/root\/ecel\/plugins\/collectors\/pykeylogger\/raw\/click_images\/1508878993.85_wireshark_root.png",
	"start" : "2017-10-24T21:03:13"
	},

	{"clicks_id" : 15,
	"content" : " ",
	"type" : "point",
	"classname" : "imgPoint",
	"title" : "\/root\/ecel\/plugins\/collectors\/pykeylogger\/raw\/click_images\/1508878956.12_ecel_gui.py_root.png",
	"start" : "2017-10-24T21:02:36"
	},

	{"clicks_id" : 16,
	"content" : " ",
	"type" : "point",
	"classname" : "imgPoint",
	"title" : "\/root\/ecel\/plugins\/collectors\/pykeylogger\/raw\/click_images\/1508879060.34_loki.py_root.png",
	"start" : "2017-10-24T21:04:20"
	},

	{"clicks_id" : 17,
	"content" : " ",
	"type" : "point",
	"classname" : "imgPoint",
	"title" : "\/root\/ecel\/plugins\/collectors\/pykeylogger\/raw\/click_images\/1508879088.53_wireshark_root.png",
	"start" : "2017-10-24T21:04:48"
	},

	{"clicks_id" : 18,
	"content" : " ",
	"type" : "point",
	"classname" : "imgPoint",
	"title" : "\/root\/ecel\/plugins\/collectors\/pykeylogger\/raw\/click_images\/1508878967.36_wireshark_root.png",
	"start" : "2017-10-24T21:02:47"
	},

	{"clicks_id" : 19,
	"content" : " ",
	"type" : "point",
	"classname" : "imgPoint",
	"title" : "\/root\/ecel\/plugins\/collectors\/pykeylogger\/raw\/click_images\/1508879149.33_wireshark_root.png",
	"start" : "2017-10-24T21:05:49"
	},

	{"clicks_id" : 20,
	"content" : " ",
	"type" : "point",
	"classname" : "imgPoint",
	"title" : "\/root\/ecel\/plugins\/collectors\/pykeylogger\/raw\/click_images\/1508879080.71_loki.py_root.png",
	"start" : "2017-10-24T21:04:40"
	},

	{"clicks_id" : 21,
	"content" : " ",
	"type" : "point",
	"classname" : "imgPoint",
	"title" : "\/root\/ecel\/plugins\/collectors\/pykeylogger\/raw\/click_images\/1508878990.0_wireshark_root.png",
	"start" : "2017-10-24T21:03:10"
	},

	{"clicks_id" : 22,
	"content" : " ",
	"type" : "point",
	"classname" : "imgPoint",
	"title" : "\/root\/ecel\/plugins\/collectors\/pykeylogger\/raw\/click_images\/1508879006.45_gnome-terminal-server_root.png",
	"start" : "2017-10-24T21:03:26"
	}
]