[
	{"keypresses_id" : 0, "content" : "[Shift_L]Wi[BackSpace][BackSpace]wireshar[Tab][Shift_L]&[Return][Super_L][Left]", "className" : "Keypresses", "start" : "2017-10-24T21:02:40"},
	{"keypresses_id" : 1, "content" : "[P_Enter]", "className" : "Keypresses", "start" : "2017-10-24T21:02:43"},
	{"keypresses_id" : 2, "content" : "ifconfig eth0 10.0.5.2\/24 up[Return]route ad e[BackSpace][BackSpace]d defaut[Tab][BackSpace][Tab]gw 10.0.5.1[Return][Super_L]", "className" : "Keypresses", "start" : "2017-10-24T21:03:52"},
	{"keypresses_id" : 3, "content" : "[End][Shift_L][Home]we[Return]", "className" : "Keypresses", "start" : "2017-10-24T21:04:00"},
	{"keypresses_id" : 4, "content" : "[Alt_L][Tab]", "className" : "Keypresses", "start" : "2017-10-24T21:04:11"},
	{"keypresses_id" : 5, "content" : "loki.py [Shift_L]&[Return]", "className" : "Keypresses", "start" : "2017-10-24T21:04:15"},
	{"keypresses_id" : 6, "content" : "10.0.4.10[Tab]255.255.255.255[Tab]10", "className" : "Keypresses", "start" : "2017-10-24T21:04:32"},
	{"keypresses_id" : 7, "content" : ".0.5.2[Tab]1", "className" : "Keypresses", "start" : "2017-10-24T21:04:37"},
	{"keypresses_id" : 8, "content" : "[Alt_L][Tab][Tab][Tab]", "className" : "Keypresses", "start" : "2017-10-24T21:04:41"},
	{"keypresses_id" : 9, "content" : "[Control_L][Shift_L]Tifconfig eth0[Shift_L]:1 10.0.4.10\/24 up[Return]p[BackSpace]pa[BackSpace][BackSpace]apa[Tab]2[Tab][Tab]c[Tab]start[Return]", "className" : "Keypresses", "start" : "2017-10-24T21:05:06"},
	{"keypresses_id" : 10, "content" : "[Alt_L][Tab][Tab]", "className" : "Keypresses", "start" : "2017-10-24T21:05:09"},
	{"keypresses_id" : 11, "content" : "locahol[BackSpace][BackSpace][BackSpace]lho[Return][Alt_L][Tab]", "className" : "Keypresses", "start" : "2017-10-24T21:05:15"},
	{"keypresses_id" : 12, "content" : "cp \/r[Tab]ot[Tab][BackSpace]ot[Tab]", "className" : "Keypresses", "start" : "2017-10-24T21:05:20"},
	{"keypresses_id" : 13, "content" : "s[Shift_L])[Tab][BackSpace][Shift_L]_[Tab]ind[Tab]\/v[Tab]ar[Tab]ww[Tab]ht[Tab]ind[Tab][Return]", "className" : "Keypresses", "start" : "2017-10-24T21:05:32"},
	{"keypresses_id" : 14, "content" : "apache2c[Tab]restart[Return]", "className" : "Keypresses", "start" : "2017-10-24T21:05:39"},
	{"keypresses_id" : 15, "content" : "[Alt_L][Tab][Tab]", "className" : "Keypresses", "start" : "2017-10-24T21:05:42"},
	{"keypresses_id" : 16, "content" : "http[Return]", "className" : "Keypresses", "start" : "2017-10-24T21:05:45"},
	{"keypresses_id" : 17, "content" : "[Alt_L]", "className" : "Keypresses", "start" : "2017-10-24T21:05:55"}
]
