[
	{"timed_id" : 0,
	"content" : " ",
	"type" : "point",
	"classname" : "imgPoint",
	"title" : "\/root\/ecel\/plugins\/collectors\/pykeylogger\/raw\/timed_screenshots\/1508879031.22_screenshot.png",
	"start" : "2017-10-24T21:03:51"
	},

	{"timed_id" : 1,
	"content" : " ",
	"type" : "point",
	"classname" : "imgPoint",
	"title" : "\/root\/ecel\/plugins\/collectors\/pykeylogger\/raw\/timed_screenshots\/1508879104.54_screenshot.png",
	"start" : "2017-10-24T21:05:04"
	},

	{"timed_id" : 2,
	"content" : " ",
	"type" : "point",
	"classname" : "imgPoint",
	"title" : "\/root\/ecel\/plugins\/collectors\/pykeylogger\/raw\/timed_screenshots\/1508879083.66_screenshot.png",
	"start" : "2017-10-24T21:04:43"
	},

	{"timed_id" : 3,
	"content" : " ",
	"type" : "point",
	"classname" : "imgPoint",
	"title" : "\/root\/ecel\/plugins\/collectors\/pykeylogger\/raw\/timed_screenshots\/1508879135.62_screenshot.png",
	"start" : "2017-10-24T21:05:35"
	},

	{"timed_id" : 4,
	"content" : " ",
	"type" : "point",
	"classname" : "imgPoint",
	"title" : "\/root\/ecel\/plugins\/collectors\/pykeylogger\/raw\/timed_screenshots\/1508878963.79_screenshot.png",
	"start" : "2017-10-24T21:02:43"
	},

	{"timed_id" : 5,
	"content" : " ",
	"type" : "point",
	"classname" : "imgPoint",
	"title" : "\/root\/ecel\/plugins\/collectors\/pykeylogger\/raw\/timed_screenshots\/1508878974.68_screenshot.png",
	"start" : "2017-10-24T21:02:54"
	},

	{"timed_id" : 6,
	"content" : " ",
	"type" : "point",
	"classname" : "imgPoint",
	"title" : "\/root\/ecel\/plugins\/collectors\/pykeylogger\/raw\/timed_screenshots\/1508878988.35_screenshot.png",
	"start" : "2017-10-24T21:03:08"
	},

	{"timed_id" : 7,
	"content" : " ",
	"type" : "point",
	"classname" : "imgPoint",
	"title" : "\/root\/ecel\/plugins\/collectors\/pykeylogger\/raw\/timed_screenshots\/1508878999.4_screenshot.png",
	"start" : "2017-10-24T21:03:19"
	},

	{"timed_id" : 8,
	"content" : " ",
	"type" : "point",
	"classname" : "imgPoint",
	"title" : "\/root\/ecel\/plugins\/collectors\/pykeylogger\/raw\/timed_screenshots\/1508879062.78_screenshot.png",
	"start" : "2017-10-24T21:04:22"
	},

	{"timed_id" : 9,
	"content" : " ",
	"type" : "point",
	"classname" : "imgPoint",
	"title" : "\/root\/ecel\/plugins\/collectors\/pykeylogger\/raw\/timed_screenshots\/1508879020.6_screenshot.png",
	"start" : "2017-10-24T21:03:40"
	},

	{"timed_id" : 10,
	"content" : " ",
	"type" : "point",
	"classname" : "imgPoint",
	"title" : "\/root\/ecel\/plugins\/collectors\/pykeylogger\/raw\/timed_screenshots\/1508879010.02_screenshot.png",
	"start" : "2017-10-24T21:03:30"
	},

	{"timed_id" : 11,
	"content" : " ",
	"type" : "point",
	"classname" : "imgPoint",
	"title" : "\/root\/ecel\/plugins\/collectors\/pykeylogger\/raw\/timed_screenshots\/1508879125.3_screenshot.png",
	"start" : "2017-10-24T21:05:25"
	},

	{"timed_id" : 12,
	"content" : " ",
	"type" : "point",
	"classname" : "imgPoint",
	"title" : "\/root\/ecel\/plugins\/collectors\/pykeylogger\/raw\/timed_screenshots\/1508879146.1_screenshot.png",
	"start" : "2017-10-24T21:05:46"
	},

	{"timed_id" : 13,
	"content" : " ",
	"type" : "point",
	"classname" : "imgPoint",
	"title" : "\/root\/ecel\/plugins\/collectors\/pykeylogger\/raw\/timed_screenshots\/1508879073.29_screenshot.png",
	"start" : "2017-10-24T21:04:33"
	},

	{"timed_id" : 14,
	"content" : " ",
	"type" : "point",
	"classname" : "imgPoint",
	"title" : "\/root\/ecel\/plugins\/collectors\/pykeylogger\/raw\/timed_screenshots\/1508879094.24_screenshot.png",
	"start" : "2017-10-24T21:04:54"
	},

	{"timed_id" : 15,
	"content" : " ",
	"type" : "point",
	"classname" : "imgPoint",
	"title" : "\/root\/ecel\/plugins\/collectors\/pykeylogger\/raw\/timed_screenshots\/1508879052.28_screenshot.png",
	"start" : "2017-10-24T21:04:12"
	},

	{"timed_id" : 16,
	"content" : " ",
	"type" : "point",
	"classname" : "imgPoint",
	"title" : "\/root\/ecel\/plugins\/collectors\/pykeylogger\/raw\/timed_screenshots\/1508879041.92_screenshot.png",
	"start" : "2017-10-24T21:04:01"
	},

	{"timed_id" : 17,
	"content" : " ",
	"type" : "point",
	"classname" : "imgPoint",
	"title" : "\/root\/ecel\/plugins\/collectors\/pykeylogger\/raw\/timed_screenshots\/1508879156.51_screenshot.png",
	"start" : "2017-10-24T21:05:56"
	},

	{"timed_id" : 18,
	"content" : " ",
	"type" : "point",
	"classname" : "imgPoint",
	"title" : "\/root\/ecel\/plugins\/collectors\/pykeylogger\/raw\/timed_screenshots\/1508879115.0_screenshot.png",
	"start" : "2017-10-24T21:05:15"
	}
]
