[{ "traffic_xy_id" : 0, "className" : "trafficThroughput", "start":"2017-10-25T17:41:55", "y" : 3 },
{ "traffic_xy_id" : 1, "className" : "trafficThroughput", "start":"2017-10-25T17:42:03", "y" : 1 },
{ "traffic_xy_id" : 2, "className" : "trafficThroughput", "start":"2017-10-25T17:42:05", "y" : 2 },
{ "traffic_xy_id" : 3, "className" : "trafficThroughput", "start":"2017-10-25T17:42:15", "y" : 2 },
{ "traffic_xy_id" : 4, "className" : "trafficThroughput", "start":"2017-10-25T17:42:25", "y" : 2 },
{ "traffic_xy_id" : 5, "className" : "trafficThroughput", "start":"2017-10-25T17:42:31", "y" : 1 },
{ "traffic_xy_id" : 6, "className" : "trafficThroughput", "start":"2017-10-25T17:42:35", "y" : 2 },
{ "traffic_xy_id" : 7, "className" : "trafficThroughput", "start":"2017-10-25T17:42:45", "y" : 2 },
{ "traffic_xy_id" : 8, "className" : "trafficThroughput", "start":"2017-10-25T17:42:47", "y" : 112 },
{ "traffic_xy_id" : 9, "className" : "trafficThroughput", "start":"2017-10-25T17:42:48", "y" : 402 },
{ "traffic_xy_id" : 10, "className" : "trafficThroughput", "start":"2017-10-25T17:42:49", "y" : 124 },
{ "traffic_xy_id" : 11, "className" : "trafficThroughput", "start":"2017-10-25T17:42:50", "y" : 573 },
{ "traffic_xy_id" : 12, "className" : "trafficThroughput", "start":"2017-10-25T17:42:51", "y" : 774 },
{ "traffic_xy_id" : 13, "className" : "trafficThroughput", "start":"2017-10-25T17:42:52", "y" : 784 },
{ "traffic_xy_id" : 14, "className" : "trafficThroughput", "start":"2017-10-25T17:42:53", "y" : 792 },
{ "traffic_xy_id" : 15, "className" : "trafficThroughput", "start":"2017-10-25T17:42:54", "y" : 809 },
{ "traffic_xy_id" : 16, "className" : "trafficThroughput", "start":"2017-10-25T17:42:55", "y" : 827 },
{ "traffic_xy_id" : 17, "className" : "trafficThroughput", "start":"2017-10-25T17:42:56", "y" : 837 },
{ "traffic_xy_id" : 18, "className" : "trafficThroughput", "start":"2017-10-25T17:42:57", "y" : 844 },
{ "traffic_xy_id" : 19, "className" : "trafficThroughput", "start":"2017-10-25T17:42:58", "y" : 861 },
{ "traffic_xy_id" : 20, "className" : "trafficThroughput", "start":"2017-10-25T17:42:59", "y" : 879 },
{ "traffic_xy_id" : 21, "className" : "trafficThroughput", "start":"2017-10-25T17:43:00", "y" : 100 },
{ "traffic_xy_id" : 22, "className" : "trafficThroughput", "start":"2017-10-25T17:43:02", "y" : 2 },
{ "traffic_xy_id" : 23, "className" : "trafficThroughput", "start":"2017-10-25T17:43:03", "y" : 1 },
{ "traffic_xy_id" : 24, "className" : "trafficThroughput", "start":"2017-10-25T17:43:05", "y" : 2 },
{ "traffic_xy_id" : 25, "className" : "trafficThroughput", "start":"2017-10-25T17:43:15", "y" : 2 },
{ "traffic_xy_id" : 26, "className" : "trafficThroughput", "start":"2017-10-25T17:43:25", "y" : 2 },
{ "traffic_xy_id" : 27, "className" : "trafficThroughput", "start":"2017-10-25T17:43:33", "y" : 1 },
{ "traffic_xy_id" : 28, "className" : "trafficThroughput", "start":"2017-10-25T17:43:35", "y" : 2 },
{ "traffic_xy_id" : 29, "className" : "trafficThroughput", "start":"2017-10-25T17:43:45", "y" : 2 },
{ "traffic_xy_id" : 30, "className" : "trafficThroughput", "start":"2017-10-25T17:43:55", "y" : 2 },
{ "traffic_xy_id" : 31, "className" : "trafficThroughput", "start":"2017-10-25T17:44:05", "y" : 2 },
{ "traffic_xy_id" : 32, "className" : "trafficThroughput", "start":"2017-10-25T17:44:15", "y" : 2 },
{ "traffic_xy_id" : 33, "className" : "trafficThroughput", "start":"2017-10-25T17:44:25", "y" : 2 },
{ "traffic_xy_id" : 34, "className" : "trafficThroughput", "start":"2017-10-25T17:44:35", "y" : 2 },
{ "traffic_xy_id" : 35, "className" : "trafficThroughput", "start":"2017-10-25T17:44:45", "y" : 2 },
{ "traffic_xy_id" : 36, "className" : "trafficThroughput", "start":"2017-10-25T17:44:55", "y" : 2 },
{ "traffic_xy_id" : 37, "className" : "trafficThroughput", "start":"2017-10-25T17:45:02", "y" : 102 },
{ "traffic_xy_id" : 38, "className" : "trafficThroughput", "start":"2017-10-25T17:45:05", "y" : 2 },
{ "traffic_xy_id" : 39, "className" : "trafficThroughput", "start":"2017-10-25T17:45:07", "y" : 2 },
{ "traffic_xy_id" : 40, "className" : "trafficThroughput", "start":"2017-10-25T17:45:10", "y" : 15 },
{ "traffic_xy_id" : 41, "className" : "trafficThroughput", "start":"2017-10-25T17:45:15", "y" : 2 },
{ "traffic_xy_id" : 42, "className" : "trafficThroughput", "start":"2017-10-25T17:45:22", "y" : 2 },
{ "traffic_xy_id" : 43, "className" : "trafficThroughput", "start":"2017-10-25T17:45:25", "y" : 2 },
{ "traffic_xy_id" : 44, "className" : "trafficThroughput", "start":"2017-10-25T17:45:32", "y" : 1 },
{ "traffic_xy_id" : 45, "className" : "trafficThroughput", "start":"2017-10-25T17:45:35", "y" : 2 },
{ "traffic_xy_id" : 46, "className" : "trafficThroughput", "start":"2017-10-25T17:45:45", "y" : 2 },
{ "traffic_xy_id" : 47, "className" : "trafficThroughput", "start":"2017-10-25T17:45:55", "y" : 2 },
{ "traffic_xy_id" : 48, "className" : "trafficThroughput", "start":"2017-10-25T17:46:05", "y" : 2 },
{ "traffic_xy_id" : 49, "className" : "trafficThroughput", "start":"2017-10-25T17:46:15", "y" : 2 },
{ "traffic_xy_id" : 50, "className" : "trafficThroughput", "start":"2017-10-25T17:46:25", "y" : 2 },
{ "traffic_xy_id" : 51, "className" : "trafficThroughput", "start":"2017-10-25T17:46:35", "y" : 2 },
{ "traffic_xy_id" : 52, "className" : "trafficThroughput", "start":"2017-10-25T17:46:45", "y" : 2 },
{ "traffic_xy_id" : 53, "className" : "trafficThroughput", "start":"2017-10-25T17:46:55", "y" : 2 },
{ "traffic_xy_id" : 54, "className" : "trafficThroughput", "start":"2017-10-25T17:47:03", "y" : 34 },
{ "traffic_xy_id" : 55, "className" : "trafficThroughput", "start":"2017-10-25T17:47:05", "y" : 2 },
{ "traffic_xy_id" : 56, "className" : "trafficThroughput", "start":"2017-10-25T17:47:08", "y" : 9 },
{ "traffic_xy_id" : 57, "className" : "trafficThroughput", "start":"2017-10-25T17:47:09", "y" : 16 },
{ "traffic_xy_id" : 58, "className" : "trafficThroughput", "start":"2017-10-25T17:47:14", "y" : 144 },
{ "traffic_xy_id" : 59, "className" : "trafficThroughput", "start":"2017-10-25T17:47:15", "y" : 18 },
{ "traffic_xy_id" : 60, "className" : "trafficThroughput", "start":"2017-10-25T17:47:16", "y" : 4 },
{ "traffic_xy_id" : 61, "className" : "trafficThroughput", "start":"2017-10-25T17:47:17", "y" : 2 },
{ "traffic_xy_id" : 62, "className" : "trafficThroughput", "start":"2017-10-25T17:47:18", "y" : 3 },
{ "traffic_xy_id" : 63, "className" : "trafficThroughput", "start":"2017-10-25T17:47:19", "y" : 3 },
{ "traffic_xy_id" : 64, "className" : "trafficThroughput", "start":"2017-10-25T17:47:21", "y" : 3 },
{ "traffic_xy_id" : 65, "className" : "trafficThroughput", "start":"2017-10-25T17:47:22", "y" : 3 },
{ "traffic_xy_id" : 66, "className" : "trafficThroughput", "start":"2017-10-25T17:47:23", "y" : 3 },
{ "traffic_xy_id" : 67, "className" : "trafficThroughput", "start":"2017-10-25T17:47:25", "y" : 5 },
{ "traffic_xy_id" : 68, "className" : "trafficThroughput", "start":"2017-10-25T17:47:27", "y" : 3 },
{ "traffic_xy_id" : 69, "className" : "trafficThroughput", "start":"2017-10-25T17:47:28", "y" : 9 },
{ "traffic_xy_id" : 70, "className" : "trafficThroughput", "start":"2017-10-25T17:47:30", "y" : 3 },
{ "traffic_xy_id" : 71, "className" : "trafficThroughput", "start":"2017-10-25T17:47:32", "y" : 3 },
{ "traffic_xy_id" : 72, "className" : "trafficThroughput", "start":"2017-10-25T17:47:34", "y" : 10 },
{ "traffic_xy_id" : 73, "className" : "trafficThroughput", "start":"2017-10-25T17:47:36", "y" : 4 },
{ "traffic_xy_id" : 74, "className" : "trafficThroughput", "start":"2017-10-25T17:47:39", "y" : 3 },
{ "traffic_xy_id" : 75, "className" : "trafficThroughput", "start":"2017-10-25T17:47:41", "y" : 3 },
{ "traffic_xy_id" : 76, "className" : "trafficThroughput", "start":"2017-10-25T17:47:44", "y" : 4 },
{ "traffic_xy_id" : 77, "className" : "trafficThroughput", "start":"2017-10-25T17:47:46", "y" : 4 },
{ "traffic_xy_id" : 78, "className" : "trafficThroughput", "start":"2017-10-25T17:47:49", "y" : 3 },
{ "traffic_xy_id" : 79, "className" : "trafficThroughput", "start":"2017-10-25T17:47:52", "y" : 5 },
{ "traffic_xy_id" : 80, "className" : "trafficThroughput", "start":"2017-10-25T17:47:55", "y" : 4 },
{ "traffic_xy_id" : 81, "className" : "trafficThroughput", "start":"2017-10-25T17:47:56", "y" : 1 },
{ "traffic_xy_id" : 82, "className" : "trafficThroughput", "start":"2017-10-25T17:47:58", "y" : 3 },
{ "traffic_xy_id" : 83, "className" : "trafficThroughput", "start":"2017-10-25T17:48:01", "y" : 3 },
{ "traffic_xy_id" : 84, "className" : "trafficThroughput", "start":"2017-10-25T17:48:04", "y" : 4 },
{ "traffic_xy_id" : 85, "className" : "trafficThroughput", "start":"2017-10-25T17:48:06", "y" : 1 },
{ "traffic_xy_id" : 86, "className" : "trafficThroughput", "start":"2017-10-25T17:48:07", "y" : 3 },
{ "traffic_xy_id" : 87, "className" : "trafficThroughput", "start":"2017-10-25T17:48:11", "y" : 3 },
{ "traffic_xy_id" : 88, "className" : "trafficThroughput", "start":"2017-10-25T17:48:14", "y" : 4 },
{ "traffic_xy_id" : 89, "className" : "trafficThroughput", "start":"2017-10-25T17:48:16", "y" : 1 },
{ "traffic_xy_id" : 90, "className" : "trafficThroughput", "start":"2017-10-25T17:48:18", "y" : 3 },
{ "traffic_xy_id" : 91, "className" : "trafficThroughput", "start":"2017-10-25T17:48:19", "y" : 2 },
{ "traffic_xy_id" : 92, "className" : "trafficThroughput", "start":"2017-10-25T17:48:22", "y" : 3 },
{ "traffic_xy_id" : 93, "className" : "trafficThroughput", "start":"2017-10-25T17:48:25", "y" : 4 },
{ "traffic_xy_id" : 94, "className" : "trafficThroughput", "start":"2017-10-25T17:48:26", "y" : 1 },
{ "traffic_xy_id" : 95, "className" : "trafficThroughput", "start":"2017-10-25T17:48:29", "y" : 3 },
{ "traffic_xy_id" : 96, "className" : "trafficThroughput", "start":"2017-10-25T17:48:33", "y" : 3 },
{ "traffic_xy_id" : 97, "className" : "trafficThroughput", "start":"2017-10-25T17:48:35", "y" : 1 },
{ "traffic_xy_id" : 98, "className" : "trafficThroughput", "start":"2017-10-25T17:48:36", "y" : 1 },
{ "traffic_xy_id" : 99, "className" : "trafficThroughput", "start":"2017-10-25T17:48:37", "y" : 3 },
{ "traffic_xy_id" : 100, "className" : "trafficThroughput", "start":"2017-10-25T17:48:42", "y" : 3 },
{ "traffic_xy_id" : 101, "className" : "trafficThroughput", "start":"2017-10-25T17:48:45", "y" : 1 },
{ "traffic_xy_id" : 102, "className" : "trafficThroughput", "start":"2017-10-25T17:48:46", "y" : 6 },
{ "traffic_xy_id" : 103, "className" : "trafficThroughput", "start":"2017-10-25T17:48:50", "y" : 3 },
{ "traffic_xy_id" : 104, "className" : "trafficThroughput", "start":"2017-10-25T17:48:55", "y" : 4 },
{ "traffic_xy_id" : 105, "className" : "trafficThroughput", "start":"2017-10-25T17:48:56", "y" : 1 },
{ "traffic_xy_id" : 106, "className" : "trafficThroughput", "start":"2017-10-25T17:48:59", "y" : 3 },
{ "traffic_xy_id" : 107, "className" : "trafficThroughput", "start":"2017-10-25T17:49:04", "y" : 85 },
{ "traffic_xy_id" : 108, "className" : "trafficThroughput", "start":"2017-10-25T17:49:06", "y" : 4 },
{ "traffic_xy_id" : 109, "className" : "trafficThroughput", "start":"2017-10-25T17:49:07", "y" : 3 },
{ "traffic_xy_id" : 110, "className" : "trafficThroughput", "start":"2017-10-25T17:49:08", "y" : 3 },
{ "traffic_xy_id" : 111, "className" : "trafficThroughput", "start":"2017-10-25T17:49:09", "y" : 8 },
{ "traffic_xy_id" : 112, "className" : "trafficThroughput", "start":"2017-10-25T17:49:10", "y" : 39 },
{ "traffic_xy_id" : 113, "className" : "trafficThroughput", "start":"2017-10-25T17:49:12", "y" : 4 },
{ "traffic_xy_id" : 114, "className" : "trafficThroughput", "start":"2017-10-25T17:49:13", "y" : 4 },
{ "traffic_xy_id" : 115, "className" : "trafficThroughput", "start":"2017-10-25T17:49:14", "y" : 7 },
{ "traffic_xy_id" : 116, "className" : "trafficThroughput", "start":"2017-10-25T17:49:15", "y" : 4 },
{ "traffic_xy_id" : 117, "className" : "trafficThroughput", "start":"2017-10-25T17:49:16", "y" : 3 },
{ "traffic_xy_id" : 118, "className" : "trafficThroughput", "start":"2017-10-25T17:49:18", "y" : 3 },
{ "traffic_xy_id" : 119, "className" : "trafficThroughput", "start":"2017-10-25T17:49:19", "y" : 3 },
{ "traffic_xy_id" : 120, "className" : "trafficThroughput", "start":"2017-10-25T17:49:21", "y" : 3 },
{ "traffic_xy_id" : 121, "className" : "trafficThroughput", "start":"2017-10-25T17:49:22", "y" : 3 },
{ "traffic_xy_id" : 122, "className" : "trafficThroughput", "start":"2017-10-25T17:49:24", "y" : 4 },
{ "traffic_xy_id" : 123, "className" : "trafficThroughput", "start":"2017-10-25T17:49:25", "y" : 5 },
{ "traffic_xy_id" : 124, "className" : "trafficThroughput", "start":"2017-10-25T17:49:28", "y" : 3 },
{ "traffic_xy_id" : 125, "className" : "trafficThroughput", "start":"2017-10-25T17:49:30", "y" : 3 },
{ "traffic_xy_id" : 126, "className" : "trafficThroughput", "start":"2017-10-25T17:49:32", "y" : 3 },
{ "traffic_xy_id" : 127, "className" : "trafficThroughput", "start":"2017-10-25T17:49:35", "y" : 4 }
]