[
	{"clicks_id" : 0,
	"content" : " ",
	"type" : "point",
	"classname" : "imgPoint",
	"title" : "\/root\/ecel\/plugins\/collectors\/pykeylogger\/raw\/click_images\/1508878611.95_wireshark_root.png",
	"start" : "2017-10-24T20:56:51"
	},

	{"clicks_id" : 1,
	"content" : " ",
	"type" : "point",
	"classname" : "imgPoint",
	"title" : "\/root\/ecel\/plugins\/collectors\/pykeylogger\/raw\/click_images\/1508878407.28_wireshark_root.png",
	"start" : "2017-10-24T20:53:27"
	},

	{"clicks_id" : 2,
	"content" : " ",
	"type" : "point",
	"classname" : "imgPoint",
	"title" : "\/root\/ecel\/plugins\/collectors\/pykeylogger\/raw\/click_images\/1508878290.52_desktop_window_root.png",
	"start" : "2017-10-24T20:51:30"
	},

	{"clicks_id" : 3,
	"content" : " ",
	"type" : "point",
	"classname" : "imgPoint",
	"title" : "\/root\/ecel\/plugins\/collectors\/pykeylogger\/raw\/click_images\/1508878471.4_loki.py_root.png",
	"start" : "2017-10-24T20:54:31"
	},

	{"clicks_id" : 4,
	"content" : " ",
	"type" : "point",
	"classname" : "imgPoint",
	"title" : "\/root\/ecel\/plugins\/collectors\/pykeylogger\/raw\/click_images\/1508878343.49_wireshark_root.png",
	"start" : "2017-10-24T20:52:23"
	},

	{"clicks_id" : 5,
	"content" : " ",
	"type" : "point",
	"classname" : "imgPoint",
	"title" : "\/root\/ecel\/plugins\/collectors\/pykeylogger\/raw\/click_images\/1508878342.29_wireshark_root.png",
	"start" : "2017-10-24T20:52:22"
	},

	{"clicks_id" : 6,
	"content" : " ",
	"type" : "point",
	"classname" : "imgPoint",
	"title" : "\/root\/ecel\/plugins\/collectors\/pykeylogger\/raw\/click_images\/1508878605.42_gnome-terminal-server_root.png",
	"start" : "2017-10-24T20:56:45"
	},

	{"clicks_id" : 7,
	"content" : " ",
	"type" : "point",
	"classname" : "imgPoint",
	"title" : "\/root\/ecel\/plugins\/collectors\/pykeylogger\/raw\/click_images\/1508878517.7_gnome-terminal-server_root.png",
	"start" : "2017-10-24T20:55:17"
	},

	{"clicks_id" : 8,
	"content" : " ",
	"type" : "point",
	"classname" : "imgPoint",
	"title" : "\/root\/ecel\/plugins\/collectors\/pykeylogger\/raw\/click_images\/1508878476.56_loki.py_root.png",
	"start" : "2017-10-24T20:54:36"
	},

	{"clicks_id" : 9,
	"content" : " ",
	"type" : "point",
	"classname" : "imgPoint",
	"title" : "\/root\/ecel\/plugins\/collectors\/pykeylogger\/raw\/click_images\/1508878301.55_wireshark_root.png",
	"start" : "2017-10-24T20:51:41"
	},

	{"clicks_id" : 10,
	"content" : " ",
	"type" : "point",
	"classname" : "imgPoint",
	"title" : "\/root\/ecel\/plugins\/collectors\/pykeylogger\/raw\/click_images\/1508878346.19_wireshark_root.png",
	"start" : "2017-10-24T20:52:26"
	},

	{"clicks_id" : 11,
	"content" : " ",
	"type" : "point",
	"classname" : "imgPoint",
	"title" : "\/root\/ecel\/plugins\/collectors\/pykeylogger\/raw\/click_images\/1508878340.38_wireshark_root.png",
	"start" : "2017-10-24T20:52:20"
	},

	{"clicks_id" : 12,
	"content" : " ",
	"type" : "point",
	"classname" : "imgPoint",
	"title" : "\/root\/ecel\/plugins\/collectors\/pykeylogger\/raw\/click_images\/1508878348.9_wireshark_root.png",
	"start" : "2017-10-24T20:52:28"
	},

	{"clicks_id" : 13,
	"content" : " ",
	"type" : "point",
	"classname" : "imgPoint",
	"title" : "\/root\/ecel\/plugins\/collectors\/pykeylogger\/raw\/click_images\/1508878552.54_Navigator_root.png",
	"start" : "2017-10-24T20:55:52"
	},

	{"clicks_id" : 14,
	"content" : " ",
	"type" : "point",
	"classname" : "imgPoint",
	"title" : "\/root\/ecel\/plugins\/collectors\/pykeylogger\/raw\/click_images\/1508878502.33_loki.py_root.png",
	"start" : "2017-10-24T20:55:02"
	},

	{"clicks_id" : 15,
	"content" : " ",
	"type" : "point",
	"classname" : "imgPoint",
	"title" : "\/root\/ecel\/plugins\/collectors\/pykeylogger\/raw\/click_images\/1508878351.16_wireshark_root.png",
	"start" : "2017-10-24T20:52:31"
	},

	{"clicks_id" : 16,
	"content" : " ",
	"type" : "point",
	"classname" : "imgPoint",
	"title" : "\/root\/ecel\/plugins\/collectors\/pykeylogger\/raw\/click_images\/1508878302.81_wireshark_root.png",
	"start" : "2017-10-24T20:51:42"
	},

	{"clicks_id" : 17,
	"content" : " ",
	"type" : "point",
	"classname" : "imgPoint",
	"title" : "\/root\/ecel\/plugins\/collectors\/pykeylogger\/raw\/click_images\/1508878551.19_gnome-terminal-server_root.png",
	"start" : "2017-10-24T20:55:51"
	},

	{"clicks_id" : 18,
	"content" : " ",
	"type" : "point",
	"classname" : "imgPoint",
	"title" : "\/root\/ecel\/plugins\/collectors\/pykeylogger\/raw\/click_images\/1508878475.35_loki.py_root.png",
	"start" : "2017-10-24T20:54:35"
	},

	{"clicks_id" : 19,
	"content" : " ",
	"type" : "point",
	"classname" : "imgPoint",
	"title" : "\/root\/ecel\/plugins\/collectors\/pykeylogger\/raw\/click_images\/1508878472.79_loki.py_root.png",
	"start" : "2017-10-24T20:54:32"
	},

	{"clicks_id" : 20,
	"content" : " ",
	"type" : "point",
	"classname" : "imgPoint",
	"title" : "\/root\/ecel\/plugins\/collectors\/pykeylogger\/raw\/click_images\/1508878441.83_Navigator_root.png",
	"start" : "2017-10-24T20:54:01"
	},

	{"clicks_id" : 21,
	"content" : " ",
	"type" : "point",
	"classname" : "imgPoint",
	"title" : "\/root\/ecel\/plugins\/collectors\/pykeylogger\/raw\/click_images\/1508878289.25_ecel_gui.py_root.png",
	"start" : "2017-10-24T20:51:29"
	},

	{"clicks_id" : 22,
	"content" : " ",
	"type" : "point",
	"classname" : "imgPoint",
	"title" : "\/root\/ecel\/plugins\/collectors\/pykeylogger\/raw\/click_images\/1508878516.29_wireshark_root.png",
	"start" : "2017-10-24T20:55:16"
	},

	{"clicks_id" : 23,
	"content" : " ",
	"type" : "point",
	"classname" : "imgPoint",
	"title" : "\/root\/ecel\/plugins\/collectors\/pykeylogger\/raw\/click_images\/1508878434.96_gnome-terminal-server_root.png",
	"start" : "2017-10-24T20:53:54"
	},

	{"clicks_id" : 24,
	"content" : " ",
	"type" : "point",
	"classname" : "imgPoint",
	"title" : "\/root\/ecel\/plugins\/collectors\/pykeylogger\/raw\/click_images\/1508878304.97_wireshark_root.png",
	"start" : "2017-10-24T20:51:44"
	},

	{"clicks_id" : 25,
	"content" : " ",
	"type" : "point",
	"classname" : "imgPoint",
	"title" : "\/root\/ecel\/plugins\/collectors\/pykeylogger\/raw\/click_images\/1508878607.46_wireshark_root.png",
	"start" : "2017-10-24T20:56:47"
	},

	{"clicks_id" : 26,
	"content" : " ",
	"type" : "point",
	"classname" : "imgPoint",
	"title" : "\/root\/ecel\/plugins\/collectors\/pykeylogger\/raw\/click_images\/1508878300.22_wireshark_root.png",
	"start" : "2017-10-24T20:51:40"
	},

	{"clicks_id" : 27,
	"content" : " ",
	"type" : "point",
	"classname" : "imgPoint",
	"title" : "\/root\/ecel\/plugins\/collectors\/pykeylogger\/raw\/click_images\/1508878474.13_loki.py_root.png",
	"start" : "2017-10-24T20:54:34"
	}
]