[
	{"keypresses_id" : 0, "content" : "wireshark [Shift_L]&[Return]", "className" : "Keypresses", "start" : "2017-10-24T20:51:31"},
	{"keypresses_id" : 1, "content" : "[Super_L][Left]", "className" : "Keypresses", "start" : "2017-10-24T20:51:34"},
	{"keypresses_id" : 2, "content" : "ifconfig eth0 ", "className" : "Keypresses", "start" : "2017-10-24T20:53:30"},
	{"keypresses_id" : 3, "content" : "10.0.5.2", "className" : "Keypresses", "start" : "2017-10-24T20:53:35"},
	{"keypresses_id" : 4, "content" : "\/24 up[Return]route add default gw 10.0.5.1[Return][Super_L]", "className" : "Keypresses", "start" : "2017-10-24T20:53:52"},
	{"keypresses_id" : 5, "content" : "http[Shift_L]:\/\/webmail.utep.edu[Return]", "className" : "Keypresses", "start" : "2017-10-24T20:54:06"},
	{"keypresses_id" : 6, "content" : "[Alt_L][Tab]loki.py [Shift_L]&[Return]", "className" : "Keypresses", "start" : "2017-10-24T20:54:26"},
	{"keypresses_id" : 7, "content" : "10.0.4.10[Tab]255.255.255.255[Tab]", "className" : "Keypresses", "start" : "2017-10-24T20:54:45"},
	{"keypresses_id" : 8, "content" : "10.0.5.2[Tab]1", "className" : "Keypresses", "start" : "2017-10-24T20:54:52"},
	{"keypresses_id" : 9, "content" : "[Alt_L][Tab][Tab][Tab]", "className" : "Keypresses", "start" : "2017-10-24T20:55:07"},
	{"keypresses_id" : 10, "content" : "[Control_L][Shift_L]Tifconfig eth0[Shift_L]:1 10.0.4.10", "className" : "Keypresses", "start" : "2017-10-24T20:55:29"},
	{"keypresses_id" : 11, "content" : "\/24 up[Return]apache2ctl start[Return]", "className" : "Keypresses", "start" : "2017-10-24T20:55:45"},
	{"keypresses_id" : 12, "content" : "[Alt_L][Tab]", "className" : "Keypresses", "start" : "2017-10-24T20:55:48"},
	{"keypresses_id" : 13, "content" : "http[Shift_L]:\/\/localhost[Return]", "className" : "Keypresses", "start" : "2017-10-24T20:55:56"},
	{"keypresses_id" : 14, "content" : "[Alt_L][Tab]", "className" : "Keypresses", "start" : "2017-10-24T20:56:02"},
	{"keypresses_id" : 15, "content" : "cp \/root\/s[Shift_L]_site\/index.html \/var\/www\/html\/index.html[Return]apache2ctl restart[Return]", "className" : "Keypresses", "start" : "2017-10-24T20:56:37"},
	{"keypresses_id" : 16, "content" : "[Alt_L][Tab]", "className" : "Keypresses", "start" : "2017-10-24T20:56:42"},
	{"keypresses_id" : 17, "content" : "http[Return]", "className" : "Keypresses", "start" : "2017-10-24T20:56:48"},
	{"keypresses_id" : 18, "content" : "[Alt_L][Tab][Tab][Tab]", "className" : "Keypresses", "start" : "2017-10-24T20:57:01"}
]
