[
	{"timed_id" : 0,
	"content" : " ",
	"type" : "point",
	"classname" : "imgPoint",
	"title" : "\/root\/ecel\/plugins\/collectors\/pykeylogger\/raw\/timed_screenshots\/1508878307.26_screenshot.png",
	"start" : "2017-10-24T20:51:47"
	},

	{"timed_id" : 1,
	"content" : " ",
	"type" : "point",
	"classname" : "imgPoint",
	"title" : "\/root\/ecel\/plugins\/collectors\/pykeylogger\/raw\/timed_screenshots\/1508878492.81_screenshot.png",
	"start" : "2017-10-24T20:54:52"
	},

	{"timed_id" : 2,
	"content" : " ",
	"type" : "point",
	"classname" : "imgPoint",
	"title" : "\/root\/ecel\/plugins\/collectors\/pykeylogger\/raw\/timed_screenshots\/1508878523.98_screenshot.png",
	"start" : "2017-10-24T20:55:23"
	},

	{"timed_id" : 3,
	"content" : " ",
	"type" : "point",
	"classname" : "imgPoint",
	"title" : "\/root\/ecel\/plugins\/collectors\/pykeylogger\/raw\/timed_screenshots\/1508878565.34_screenshot.png",
	"start" : "2017-10-24T20:56:05"
	},

	{"timed_id" : 4,
	"content" : " ",
	"type" : "point",
	"classname" : "imgPoint",
	"title" : "\/root\/ecel\/plugins\/collectors\/pykeylogger\/raw\/timed_screenshots\/1508878461.37_screenshot.png",
	"start" : "2017-10-24T20:54:21"
	},

	{"timed_id" : 5,
	"content" : " ",
	"type" : "point",
	"classname" : "imgPoint",
	"title" : "\/root\/ecel\/plugins\/collectors\/pykeylogger\/raw\/timed_screenshots\/1508878349.58_screenshot.png",
	"start" : "2017-10-24T20:52:29"
	},

	{"timed_id" : 6,
	"content" : " ",
	"type" : "point",
	"classname" : "imgPoint",
	"title" : "\/root\/ecel\/plugins\/collectors\/pykeylogger\/raw\/timed_screenshots\/1508878360.32_screenshot.png",
	"start" : "2017-10-24T20:52:40"
	},

	{"timed_id" : 7,
	"content" : " ",
	"type" : "point",
	"classname" : "imgPoint",
	"title" : "\/root\/ecel\/plugins\/collectors\/pykeylogger\/raw\/timed_screenshots\/1508878448.41_screenshot.png",
	"start" : "2017-10-24T20:54:08"
	},

	{"timed_id" : 8,
	"content" : " ",
	"type" : "point",
	"classname" : "imgPoint",
	"title" : "\/root\/ecel\/plugins\/collectors\/pykeylogger\/raw\/timed_screenshots\/1508878606.64_screenshot.png",
	"start" : "2017-10-24T20:56:46"
	},

	{"timed_id" : 9,
	"content" : " ",
	"type" : "point",
	"classname" : "imgPoint",
	"title" : "\/root\/ecel\/plugins\/collectors\/pykeylogger\/raw\/timed_screenshots\/1508878575.64_screenshot.png",
	"start" : "2017-10-24T20:56:15"
	},

	{"timed_id" : 10,
	"content" : " ",
	"type" : "point",
	"classname" : "imgPoint",
	"title" : "\/root\/ecel\/plugins\/collectors\/pykeylogger\/raw\/timed_screenshots\/1508878503.21_screenshot.png",
	"start" : "2017-10-24T20:55:03"
	},

	{"timed_id" : 11,
	"content" : " ",
	"type" : "point",
	"classname" : "imgPoint",
	"title" : "\/root\/ecel\/plugins\/collectors\/pykeylogger\/raw\/timed_screenshots\/1508878482.51_screenshot.png",
	"start" : "2017-10-24T20:54:42"
	},

	{"timed_id" : 12,
	"content" : " ",
	"type" : "point",
	"classname" : "imgPoint",
	"title" : "\/root\/ecel\/plugins\/collectors\/pykeylogger\/raw\/timed_screenshots\/1508878405.63_screenshot.png",
	"start" : "2017-10-24T20:53:25"
	},

	{"timed_id" : 13,
	"content" : " ",
	"type" : "point",
	"classname" : "imgPoint",
	"title" : "\/root\/ecel\/plugins\/collectors\/pykeylogger\/raw\/timed_screenshots\/1508878534.31_screenshot.png",
	"start" : "2017-10-24T20:55:34"
	},

	{"timed_id" : 14,
	"content" : " ",
	"type" : "point",
	"classname" : "imgPoint",
	"title" : "\/root\/ecel\/plugins\/collectors\/pykeylogger\/raw\/timed_screenshots\/1508878544.63_screenshot.png",
	"start" : "2017-10-24T20:55:44"
	},

	{"timed_id" : 15,
	"content" : " ",
	"type" : "point",
	"classname" : "imgPoint",
	"title" : "\/root\/ecel\/plugins\/collectors\/pykeylogger\/raw\/timed_screenshots\/1508878471.75_screenshot.png",
	"start" : "2017-10-24T20:54:31"
	},

	{"timed_id" : 16,
	"content" : " ",
	"type" : "point",
	"classname" : "imgPoint",
	"title" : "\/root\/ecel\/plugins\/collectors\/pykeylogger\/raw\/timed_screenshots\/1508878427.01_screenshot.png",
	"start" : "2017-10-24T20:53:47"
	},

	{"timed_id" : 17,
	"content" : " ",
	"type" : "point",
	"classname" : "imgPoint",
	"title" : "\/root\/ecel\/plugins\/collectors\/pykeylogger\/raw\/timed_screenshots\/1508878338.69_screenshot.png",
	"start" : "2017-10-24T20:52:18"
	},

	{"timed_id" : 18,
	"content" : " ",
	"type" : "point",
	"classname" : "imgPoint",
	"title" : "\/root\/ecel\/plugins\/collectors\/pykeylogger\/raw\/timed_screenshots\/1508878513.48_screenshot.png",
	"start" : "2017-10-24T20:55:13"
	},

	{"timed_id" : 19,
	"content" : " ",
	"type" : "point",
	"classname" : "imgPoint",
	"title" : "\/root\/ecel\/plugins\/collectors\/pykeylogger\/raw\/timed_screenshots\/1508878296.3_screenshot.png",
	"start" : "2017-10-24T20:51:36"
	},

	{"timed_id" : 20,
	"content" : " ",
	"type" : "point",
	"classname" : "imgPoint",
	"title" : "\/root\/ecel\/plugins\/collectors\/pykeylogger\/raw\/timed_screenshots\/1508878416.37_screenshot.png",
	"start" : "2017-10-24T20:53:36"
	},

	{"timed_id" : 21,
	"content" : " ",
	"type" : "point",
	"classname" : "imgPoint",
	"title" : "\/root\/ecel\/plugins\/collectors\/pykeylogger\/raw\/timed_screenshots\/1508878596.21_screenshot.png",
	"start" : "2017-10-24T20:56:36"
	},

	{"timed_id" : 22,
	"content" : " ",
	"type" : "point",
	"classname" : "imgPoint",
	"title" : "\/root\/ecel\/plugins\/collectors\/pykeylogger\/raw\/timed_screenshots\/1508878437.7_screenshot.png",
	"start" : "2017-10-24T20:53:57"
	},

	{"timed_id" : 23,
	"content" : " ",
	"type" : "point",
	"classname" : "imgPoint",
	"title" : "\/root\/ecel\/plugins\/collectors\/pykeylogger\/raw\/timed_screenshots\/1508878555.07_screenshot.png",
	"start" : "2017-10-24T20:55:55"
	},

	{"timed_id" : 24,
	"content" : " ",
	"type" : "point",
	"classname" : "imgPoint",
	"title" : "\/root\/ecel\/plugins\/collectors\/pykeylogger\/raw\/timed_screenshots\/1508878585.91_screenshot.png",
	"start" : "2017-10-24T20:56:25"
	},

	{"timed_id" : 25,
	"content" : " ",
	"type" : "point",
	"classname" : "imgPoint",
	"title" : "\/root\/ecel\/plugins\/collectors\/pykeylogger\/raw\/timed_screenshots\/1508878617.28_screenshot.png",
	"start" : "2017-10-24T20:56:57"
	}
]
